"nombre","reproducciones","oyentes","url","imagen_url"
"Drake","1187426442","6759065","https://www.last.fm/music/Drake","https://cdn-images.dzcdn.net/images/artist/eb0ed5b21d1ea5af021fc074ded0e91f/1000x1000-000000-80-0-0.jpg"
"Michael Jackson","373375792","6938550","https://www.last.fm/music/Michael+Jackson","https://cdn-images.dzcdn.net/images/artist/97fae13b2b30e4aec2e8c9e0c7839d92/1000x1000-000000-80-0-0.jpg"
"The Weeknd","1133083954","5349679","https://www.last.fm/music/The+Weeknd","https://cdn-images.dzcdn.net/images/artist/581693b4724a7fcfa754455101e13a44/1000x1000-000000-80-0-0.jpg"
"Kanye West","1555302899","7981191","https://www.last.fm/music/Kanye+West","https://cdn-images.dzcdn.net/images/artist/bb76c2ee3b068726ab4c37b0aabdb57a/1000x1000-000000-80-0-0.jpg"
"PinkPantheress","338537821","3121409","https://www.last.fm/music/PinkPantheress","https://cdn-images.dzcdn.net/images/artist/dbf10322b8c415487c9caa678f4d82f6/1000x1000-000000-80-0-0.jpg"
"Tame Impala","426387441","4433607","https://www.last.fm/music/Tame+Impala","https://cdn-images.dzcdn.net/images/artist/879015e713cc6ad6ffaeec154c027505/1000x1000-000000-80-0-0.jpg"
"Kendrick Lamar","1038540297","5125643","https://www.last.fm/music/Kendrick+Lamar","https://cdn-images.dzcdn.net/images/artist/be0a7c550567f4af0ed202d7235b74d6/1000x1000-000000-80-0-0.jpg"
"Rihanna","607848830","8332294","https://www.last.fm/music/Rihanna","https://cdn-images.dzcdn.net/images/artist/b78cdc205fae2641b89208e78b30e1b3/1000x1000-000000-80-0-0.jpg"
"Lady Gaga","1041476416","7755912","https://www.last.fm/music/Lady+Gaga","https://cdn-images.dzcdn.net/images/artist/7565262f7661b0d762621a8d69ba6f49/1000x1000-000000-80-0-0.jpg"
"Taylor Swift","3698834860","5967852","https://www.last.fm/music/Taylor+Swift","https://cdn-images.dzcdn.net/images/artist/e528e270424103b527f8a27ac625563b/1000x1000-000000-80-0-0.jpg"
"Radiohead","1384319506","8268602","https://www.last.fm/music/Radiohead","https://cdn-images.dzcdn.net/images/artist/96b688020014a21cb80a0268b90287f5/1000x1000-000000-80-0-0.jpg"
"Ariana Grande","1124434009","4511842","https://www.last.fm/music/Ariana+Grande","https://cdn-images.dzcdn.net/images/artist/3504ffe2519090026bc359b689d22e20/1000x1000-000000-80-0-0.jpg"
"Tyler, The Creator","1060268704","4357389","https://www.last.fm/music/Tyler,+The+Creator","https://cdn-images.dzcdn.net/images/artist/5eceecd683beab6dd901a7931294a121/1000x1000-000000-80-0-0.jpg"
"Charli xcx","729367415","3800318","https://www.last.fm/music/Charli+xcx","https://cdn-images.dzcdn.net/images/artist/5a4f593c65c71292b4389e871f76c023/1000x1000-000000-80-0-0.jpg"
"Justin Bieber","342182140","4877895","https://www.last.fm/music/Justin+Bieber","https://cdn-images.dzcdn.net/images/artist/fe097f693cebf1f882e3da79e99e3bf9/1000x1000-000000-80-0-0.jpg"
"Sabrina Carpenter","676582900","3279912","https://www.last.fm/music/Sabrina+Carpenter","https://cdn-images.dzcdn.net/images/artist/4a9cdc7737e2a0e59b4917b47884b859/1000x1000-000000-80-0-0.jpg"
"Lana Del Rey","1592727299","5287567","https://www.last.fm/music/Lana+Del+Rey","https://cdn-images.dzcdn.net/images/artist/8994d3be1a59a72f887f1f8afd2d4c6c/1000x1000-000000-80-0-0.jpg"
"Billie Eilish","844175318","4258866","https://www.last.fm/music/Billie+Eilish","https://cdn-images.dzcdn.net/images/artist/8eab1a9a644889aabaca1e193e05f984/1000x1000-000000-80-0-0.jpg"
"Arctic Monkeys","940934005","7133571","https://www.last.fm/music/Arctic+Monkeys","https://cdn-images.dzcdn.net/images/artist/6c03e4c7c36800897fd468633286db24/1000x1000-000000-80-0-0.jpg"
"Frank Ocean","783096584","4288908","https://www.last.fm/music/Frank+Ocean","https://cdn-images.dzcdn.net/images/artist/882155c08dc31d6464d6d580083c968c/1000x1000-000000-80-0-0.jpg"
"Paramore","590702220","5672922","https://www.last.fm/music/Paramore","https://cdn-images.dzcdn.net/images/artist/60dc1956a36a5e552384b4a32b0cbf9b/1000x1000-000000-80-0-0.jpg"
"Olivia Rodrigo","574443836","3143654","https://www.last.fm/music/Olivia+Rodrigo","https://cdn-images.dzcdn.net/images/artist/2c9e480317183c037eaebcd7ba96daf4/1000x1000-000000-80-0-0.jpg"
"Katy Perry","444060354","7188730","https://www.last.fm/music/Katy+Perry","https://cdn-images.dzcdn.net/images/artist/9c144bd1ed91b2a59c826cf1d1cde633/1000x1000-000000-80-0-0.jpg"
"Bruno Mars","307911660","5284623","https://www.last.fm/music/Bruno+Mars","https://cdn-images.dzcdn.net/images/artist/90f0b5b11df4f87ee878f38569b5995b/1000x1000-000000-80-0-0.jpg"
"Doja Cat","473529780","3660405","https://www.last.fm/music/Doja+Cat","https://cdn-images.dzcdn.net/images/artist/9e3a3b8792a04c4578da7b905ffeaf2b/1000x1000-000000-80-0-0.jpg"
"Harry Styles","449168058","3345003","https://www.last.fm/music/Harry+Styles","https://cdn-images.dzcdn.net/images/artist/1151dba9b3edc0633adf35b64c21713f/1000x1000-000000-80-0-0.jpg"
"Fleetwood Mac","303053113","4914115","https://www.last.fm/music/Fleetwood+Mac","https://cdn-images.dzcdn.net/images/artist/ef23278cf3a67a3ca8404ddaa38699d4/1000x1000-000000-80-0-0.jpg"
"Gorillaz","522854381","6892178","https://www.last.fm/music/Gorillaz","https://cdn-images.dzcdn.net/images/artist/ebbb1c133ed0220c714b9ed5d254561f/1000x1000-000000-80-0-0.jpg"
"The Neighbourhood","406605427","3997972","https://www.last.fm/music/The+Neighbourhood","https://cdn-images.dzcdn.net/images/artist/8fdcc9f74aa9f930c28f5b9ea0da0fd4/1000x1000-000000-80-0-0.jpg"
"Childish Gambino","331603133","3846667","https://www.last.fm/music/Childish+Gambino","https://cdn-images.dzcdn.net/images/artist/35ed4d691c7601ffaef55e743bc6fcde/1000x1000-000000-80-0-0.jpg"
"The Smiths","543976712","5103447","https://www.last.fm/music/The+Smiths","https://cdn-images.dzcdn.net/images/artist/458e4ee61a7fc57a79ac2b9b20c47bd9/1000x1000-000000-80-0-0.jpg"
"Travis Scott","687987651","3358414","https://www.last.fm/music/Travis+Scott","https://cdn-images.dzcdn.net/images/artist/8d8316146026d7e6ce377e314536df62/1000x1000-000000-80-0-0.jpg"
"A$AP Rocky","375632690","3480470","https://www.last.fm/music/A$AP+Rocky","https://cdn-images.dzcdn.net/images/artist/5eebb137c5f4d0eb8fb5f9227e1b6288/1000x1000-000000-80-0-0.jpg"
"Linkin Park","751412244","6964963","https://www.last.fm/music/Linkin+Park","https://cdn-images.dzcdn.net/images/artist/4886905210739af3438990897bad3a98/1000x1000-000000-80-0-0.jpg"
"SZA","592101654","3520277","https://www.last.fm/music/SZA","https://cdn-images.dzcdn.net/images/artist/8ced041da2bed70d5715f0860956169b/1000x1000-000000-80-0-0.jpg"
"Deftones","582681166","4263772","https://www.last.fm/music/Deftones","https://cdn-images.dzcdn.net/images/artist/a4fab59f82dc48f2c636ce8497282e67/1000x1000-000000-80-0-0.jpg"
"Don Toliver","283233196","2567034","https://www.last.fm/music/Don+Toliver","https://cdn-images.dzcdn.net/images/artist/881a10c54b47201c8c850ecddaf4bb1c/1000x1000-000000-80-0-0.jpg"
"Chappell Roan","339918377","2588807","https://www.last.fm/music/Chappell+Roan","https://cdn-images.dzcdn.net/images/artist/14ca3aea25950189f30efe0fa79ac4f9/1000x1000-000000-80-0-0.jpg"
"Coldplay","783950342","9139176","https://www.last.fm/music/Coldplay","https://cdn-images.dzcdn.net/images/artist/3087954bca22f306324912e5ac8375c3/1000x1000-000000-80-0-0.jpg"
"Bad Bunny","413016010","2607892","https://www.last.fm/music/Bad+Bunny","https://cdn-images.dzcdn.net/images/artist/45aaf836629158d714432ae37e552ee7/1000x1000-000000-80-0-0.jpg"
"Mitski","671731975","3295326","https://www.last.fm/music/Mitski","https://cdn-images.dzcdn.net/images/artist/203c6f213b64c200839de89db2754134/1000x1000-000000-80-0-0.jpg"
"Malcolm Todd","102929122","1378189","https://www.last.fm/music/Malcolm+Todd","https://cdn-images.dzcdn.net/images/artist/5ecb8fe8b0335deeff7434fd3160199c/1000x1000-000000-80-0-0.jpg"
"The Marías","246576176","2527428","https://www.last.fm/music/The+Mar%C3%ADas","https://cdn-images.dzcdn.net/images/artist/9a81e875aa2689278b4ad8c385aacd12/1000x1000-000000-80-0-0.jpg"
"Beyoncé","704415072","6411624","https://www.last.fm/music/Beyonc%C3%A9","https://cdn-images.dzcdn.net/images/artist/0aa9d669be4e7310b8647afae37ffaab/1000x1000-000000-80-0-0.jpg"
"Clairo","355952652","2949585","https://www.last.fm/music/Clairo","https://cdn-images.dzcdn.net/images/artist/933a9fcd1f1b4eae73e3f75bdf5fd3a0/1000x1000-000000-80-0-0.jpg"
"Playboi Carti","791652396","2499653","https://www.last.fm/music/Playboi+Carti","https://cdn-images.dzcdn.net/images/artist/b90097972a60d9d8598a79a786be1a3a/1000x1000-000000-80-0-0.jpg"
"The Strokes","489818529","5747534","https://www.last.fm/music/The+Strokes","https://cdn-images.dzcdn.net/images/artist/88e8ecd06aae5cd69d414af57a67f339/1000x1000-000000-80-0-0.jpg"
"BTS","3975238678","2474517","https://www.last.fm/music/BTS","https://cdn-images.dzcdn.net/images/artist/b5c64fa8216ca158e52b4d88bd9388ff/1000x1000-000000-80-0-0.jpg"
"TV Girl","299010825","2882840","https://www.last.fm/music/TV+Girl","https://cdn-images.dzcdn.net/images/artist/9cec5aa40642063a408ba52be1310b20/1000x1000-000000-80-0-0.jpg"
"Mac Miller","437937768","3559695","https://www.last.fm/music/Mac+Miller","https://cdn-images.dzcdn.net/images/artist/d868d87e47d0597e6ba36d49eadec848/1000x1000-000000-80-0-0.jpg"
"Future","466843053","3243846","https://www.last.fm/music/Future","https://cdn-images.dzcdn.net/images/artist/c8c8fea7e2b8613b3ba7328d22d3016c/1000x1000-000000-80-0-0.jpg"
"Madonna","369246076","5680691","https://www.last.fm/music/Madonna","https://cdn-images.dzcdn.net/images/artist/2498e1e0c6930809143a743b746958be/1000x1000-000000-80-0-0.jpg"
"Dominic Fike","157409832","2600017","https://www.last.fm/music/Dominic+Fike","https://cdn-images.dzcdn.net/images/artist/e0b1589f2025116e79a400b37790edd5/1000x1000-000000-80-0-0.jpg"
"beabadoobee","329743746","2661865","https://www.last.fm/music/beabadoobee","https://cdn-images.dzcdn.net/images/artist/9bb4484b224cedeb0d79d0517ab2a4a4/1000x1000-000000-80-0-0.jpg"
"Nirvana","585463960","7559133","https://www.last.fm/music/Nirvana","https://cdn-images.dzcdn.net/images/artist/3ec5542ff520ee74e2befdaba32ef2ef/1000x1000-000000-80-0-0.jpg"
"The Beatles","1108658555","6538675","https://www.last.fm/music/The+Beatles","https://cdn-images.dzcdn.net/images/artist/fe9eb4463ea87452e84ed97e0c86b878/1000x1000-000000-80-0-0.jpg"
"Britney Spears","499174796","6484265","https://www.last.fm/music/Britney+Spears","https://cdn-images.dzcdn.net/images/artist/caea45732bb52679494602c60430435a/1000x1000-000000-80-0-0.jpg"
"Zara Larsson","91606808","2374905","https://www.last.fm/music/Zara+Larsson","https://cdn-images.dzcdn.net/images/artist/26e260152661dea1897a6eea198f9981/1000x1000-000000-80-0-0.jpg"
"Maroon 5","290853145","6679387","https://www.last.fm/music/Maroon+5","https://cdn-images.dzcdn.net/images/artist/bbb526b9666c7e31dee295bcabbbdd8e/1000x1000-000000-80-0-0.jpg"
"Lorde","454181764","3745505","https://www.last.fm/music/Lorde","https://cdn-images.dzcdn.net/images/artist/c38f17b73ad22d280c5dfc8a8b3d1865/1000x1000-000000-80-0-0.jpg"
"Mac DeMarco","352684093","3288003","https://www.last.fm/music/Mac+DeMarco","https://cdn-images.dzcdn.net/images/artist/b468329467ac01256a85e0925026715d/1000x1000-000000-80-0-0.jpg"
"Calvin Harris","211499235","5052033","https://www.last.fm/music/Calvin+Harris","https://cdn-images.dzcdn.net/images/artist/a53031d02dc2f8a8eb15d117c015d5eb/1000x1000-000000-80-0-0.jpg"
"Lil Uzi Vert","438657984","2774009","https://www.last.fm/music/Lil+Uzi+Vert","https://cdn-images.dzcdn.net/images/artist/aee2db9a69abb62ae05b644d0ea68055/1000x1000-000000-80-0-0.jpg"
"Steve Lacy","292275179","3150193","https://www.last.fm/music/Steve+Lacy","https://cdn-images.dzcdn.net/images/artist/2243d94cb2e5ced691142983a2ebe222/1000x1000-000000-80-0-0.jpg"
"The Cure","398237777","5540330","https://www.last.fm/music/The+Cure","https://cdn-images.dzcdn.net/images/artist/8c9afdb1385ece7ddf2f2c923c70c0bc/1000x1000-000000-80-0-0.jpg"
"Twenty One Pilots","442907911","3403829","https://www.last.fm/music/Twenty+One+Pilots","https://cdn-images.dzcdn.net/images/artist/2e6d4d494a7b7b2c4bea2ccefad368f5/1000x1000-000000-80-0-0.jpg"
"sombr","89009399","1894367","https://www.last.fm/music/sombr","https://cdn-images.dzcdn.net/images/artist/82ef9a2db0c80f8588569d955c78d695/1000x1000-000000-80-0-0.jpg"
"Kali Uchis","318902566","3096060","https://www.last.fm/music/Kali+Uchis","https://cdn-images.dzcdn.net/images/artist/9d0d52af2e1e4ec56b67b495b87fc4c0/1000x1000-000000-80-0-0.jpg"
"Weezer","304191290","5491372","https://www.last.fm/music/Weezer","https://cdn-images.dzcdn.net/images/artist/077a2d407bf2d0d4f021143ee2996559/1000x1000-000000-80-0-0.jpg"
"Red Hot Chili Peppers","563570742","7286590","https://www.last.fm/music/Red+Hot+Chili+Peppers","https://cdn-images.dzcdn.net/images/artist/238f5524a401dfdd5cac685f0f7989bd/1000x1000-000000-80-0-0.jpg"
"My Chemical Romance","554254452","4866995","https://www.last.fm/music/My+Chemical+Romance","https://cdn-images.dzcdn.net/images/artist/e34296360cda10a29f85c7170a60178d/1000x1000-000000-80-0-0.jpg"
"Post Malone","335547373","3570300","https://www.last.fm/music/Post+Malone","https://cdn-images.dzcdn.net/images/artist/a5a8cca44e7eab2db7d44e039bed2574/1000x1000-000000-80-0-0.jpg"
"Queen","428565718","7257848","https://www.last.fm/music/Queen","https://cdn-images.dzcdn.net/images/artist/71eeb9e2eeb375df35a3c0654a5a01ab/1000x1000-000000-80-0-0.jpg"
"Joji","379463123","3042146","https://www.last.fm/music/Joji","https://cdn-images.dzcdn.net/images/artist/da30a1469009465fb3f130cc4dc6bb1c/1000x1000-000000-80-0-0.jpg"
"Laufey","269734305","2384268","https://www.last.fm/music/Laufey","https://cdn-images.dzcdn.net/images/artist/0eca5dd5f8ac336e55bf390da9ce13d0/1000x1000-000000-80-0-0.jpg"
"Daniel Caesar","253133992","2390094","https://www.last.fm/music/Daniel+Caesar","https://cdn-images.dzcdn.net/images/artist/973809864ad1c52d8c61238662400089/1000x1000-000000-80-0-0.jpg"
"Eminem","571654179","7821130","https://www.last.fm/music/Eminem","https://cdn-images.dzcdn.net/images/artist/0f30bbd33a680030054af004d698d6ac/1000x1000-000000-80-0-0.jpg"
"Green Day","449192780","6619943","https://www.last.fm/music/Green+Day","https://cdn-images.dzcdn.net/images/artist/690381cc69a21802b5d95b0460afb6a3/1000x1000-000000-80-0-0.jpg"
"Panic! at the Disco","325610376","4462186","https://www.last.fm/music/Panic%21+at+the+Disco","https://cdn-images.dzcdn.net/images/artist/c601aa8551d9e0bc345d2d75934db733/1000x1000-000000-80-0-0.jpg"
"Black Eyed Peas","155310859","5767734","https://www.last.fm/music/Black+Eyed+Peas","https://cdn-images.dzcdn.net/images/artist/d6c2e791dfcddde652b388032e312f15/1000x1000-000000-80-0-0.jpg"
"Tate McRae","286865092","2288503","https://www.last.fm/music/Tate+McRae","https://cdn-images.dzcdn.net/images/artist/b3578bcbd54124c8125c9a9d52f38716/1000x1000-000000-80-0-0.jpg"
"System of a Down","516479913","5843721","https://www.last.fm/music/System+of+a+Down","https://cdn-images.dzcdn.net/images/artist/67460cdb0b52bfde1b807650958058d6/1000x1000-000000-80-0-0.jpg"
"J. Cole","311971792","3879714","https://www.last.fm/music/J.+Cole","https://cdn-images.dzcdn.net/images/artist/dc8d97f19855c8ea3f15ee6db784198e/1000x1000-000000-80-0-0.jpg"
"Justin Timberlake","167679474","5587403","https://www.last.fm/music/Justin+Timberlake","https://cdn-images.dzcdn.net/images/artist/c2b04e4f1d4036e896b67ad306008d66/1000x1000-000000-80-0-0.jpg"
"The Killers","382125826","6978171","https://www.last.fm/music/The+Killers","https://cdn-images.dzcdn.net/images/artist/979d671d4b391bc07747bd1569e51997/1000x1000-000000-80-0-0.jpg"
"Sade","141464840","3444212","https://www.last.fm/music/Sade","https://cdn-images.dzcdn.net/images/artist/61ef9f8e27a31325d45f8623fe3000c6/1000x1000-000000-80-0-0.jpg"
"Addison Rae","118571403","1601814","https://www.last.fm/music/Addison+Rae","https://cdn-images.dzcdn.net/images/artist/a8bc8bbb055934154ffe5ab48e61d6d0/1000x1000-000000-80-0-0.jpg"
"Daft Punk","410451978","6342361","https://www.last.fm/music/Daft+Punk","https://cdn-images.dzcdn.net/images/artist/638e69b9caaf9f9f3f8826febea7b543/1000x1000-000000-80-0-0.jpg"
"Olivia Dean","80778033","1492679","https://www.last.fm/music/Olivia+Dean","https://cdn-images.dzcdn.net/images/artist/fed7c3b756cf6049da62988cb8e744be/1000x1000-000000-80-0-0.jpg"
"Cigarettes After Sex","317835786","2914870","https://www.last.fm/music/Cigarettes+After+Sex","https://cdn-images.dzcdn.net/images/artist/97847fc1724d45cc367ed96574d2262e/1000x1000-000000-80-0-0.jpg"
"Hozier","286293054","3367173","https://www.last.fm/music/Hozier","https://cdn-images.dzcdn.net/images/artist/4970da41372f40bb2d85b71d41c359e8/1000x1000-000000-80-0-0.jpg"
"Metro Boomin","247813917","2508898","https://www.last.fm/music/Metro+Boomin","https://cdn-images.dzcdn.net/images/artist/bc031b73f958987fa103031070be5c16/1000x1000-000000-80-0-0.jpg"
"KATSEYE","105246012","1604967","https://www.last.fm/music/KATSEYE","https://cdn-images.dzcdn.net/images/artist/33699b7dec8ee2f0366f227586a729b4/1000x1000-000000-80-0-0.jpg"
"LE SSERAFIM","310147021","1696647","https://www.last.fm/music/LE+SSERAFIM","https://cdn-images.dzcdn.net/images/artist/e789ab2d16cad9a738cd83722940512b/1000x1000-000000-80-0-0.jpg"
"Pierce the Veil","277361043","2122473","https://www.last.fm/music/Pierce+the+Veil","https://cdn-images.dzcdn.net/images/artist/8fce2d17e548bebe0f9c7455008f0ac0/1000x1000-000000-80-0-0.jpg"
"ABBA","194452591","4429542","https://www.last.fm/music/ABBA","https://cdn-images.dzcdn.net/images/artist/1cd9c41f13f3114367692383758be3c1/1000x1000-000000-80-0-0.jpg"
"The Smashing Pumpkins","262040557","4578573","https://www.last.fm/music/The+Smashing+Pumpkins","https://cdn-images.dzcdn.net/images/artist/86b9157b38f9a2254785152a6d67f190/1000x1000-000000-80-0-0.jpg"
"Kesha","120626729","3188101","https://www.last.fm/music/Kesha","https://cdn-images.dzcdn.net/images/artist/5bcb0869e99326aace7292e7e4c415df/1000x1000-000000-80-0-0.jpg"
"David Guetta","190659306","5266693","https://www.last.fm/music/David+Guetta","https://cdn-images.dzcdn.net/images/artist/2d527fa03e106ed82a28f161694278d3/1000x1000-000000-80-0-0.jpg"
"Pink Floyd","613083693","5578757","https://www.last.fm/music/Pink+Floyd","https://cdn-images.dzcdn.net/images/artist/d62a818a5de6455f17b6a992cf22b32f/1000x1000-000000-80-0-0.jpg"
"Dua Lipa","322064347","3303823","https://www.last.fm/music/Dua+Lipa","https://cdn-images.dzcdn.net/images/artist/7375742a46dbebb6efc0ae362e18eb24/1000x1000-000000-80-0-0.jpg"
"JAŸ-Z","6721653","860545","https://www.last.fm/music/JA%C5%B8-Z","https://cdn-images.dzcdn.net/images/artist/a59aabd18e84d732ce3b9f6f5c4e5f50/1000x1000-000000-80-0-0.jpg"
"Fall Out Boy","426634407","5098190","https://www.last.fm/music/Fall+Out+Boy","https://cdn-images.dzcdn.net/images/artist/f53434390dd76ef724cdc26df7a0b64d/1000x1000-000000-80-0-0.jpg"
"Noah Kahan","194003656","1619127","https://www.last.fm/music/Noah+Kahan","https://cdn-images.dzcdn.net/images/artist/e43ae0c4354a6afe58ae0b0cfad05f19/1000x1000-000000-80-0-0.jpg"
"The Cranberries","160103862","4766186","https://www.last.fm/music/The+Cranberries","https://cdn-images.dzcdn.net/images/artist/8e57c9fe64a7d1c3ed241e16f4c0f154/1000x1000-000000-80-0-0.jpg"
"Muse","573749027","6425034","https://www.last.fm/music/Muse","https://cdn-images.dzcdn.net/images/artist/cd7c5861be0009d3b75d4d3c069317a7/1000x1000-000000-80-0-0.jpg"
"Jeff Buckley","169177910","3415042","https://www.last.fm/music/Jeff+Buckley","https://cdn-images.dzcdn.net/images/artist/0f956165f1dc888e671a6f579d68bdbd/1000x1000-000000-80-0-0.jpg"
"David Bowie","407159447","5621755","https://www.last.fm/music/David+Bowie","https://cdn-images.dzcdn.net/images/artist/8301a6a09a24f4bb35950c59717defa0/1000x1000-000000-80-0-0.jpg"
"Pitbull","110998746","4449442","https://www.last.fm/music/Pitbull","https://cdn-images.dzcdn.net/images/artist/f755bcad19948129e670598a52d3f874/1000x1000-000000-80-0-0.jpg"
"TWICE","507918772","1941474","https://www.last.fm/music/TWICE","https://cdn-images.dzcdn.net/images/artist/1f4acadade675899b7f775ae4ac67faa/1000x1000-000000-80-0-0.jpg"
"Miley Cyrus","302643059","4872938","https://www.last.fm/music/Miley+Cyrus","https://cdn-images.dzcdn.net/images/artist/1125de234fd142a03ba849e9f90c0f7c/1000x1000-000000-80-0-0.jpg"
"Shakira","182058340","4912608","https://www.last.fm/music/Shakira","https://cdn-images.dzcdn.net/images/artist/69c569506a8ff6ab0edfecbd1adf94b0/1000x1000-000000-80-0-0.jpg"
"Gracie Abrams","292472882","1828846","https://www.last.fm/music/Gracie+Abrams","https://cdn-images.dzcdn.net/images/artist/8e20445d55cd9b577359d57cf914f01f/1000x1000-000000-80-0-0.jpg"
"Brent Faiyaz","239369866","2070418","https://www.last.fm/music/Brent+Faiyaz","https://cdn-images.dzcdn.net/images/artist/32aa8325aa1323a10f9e934ad7fd0bd1/1000x1000-000000-80-0-0.jpg"
"NewJeans","334946879","1837820","https://www.last.fm/music/NewJeans","https://cdn-images.dzcdn.net/images/artist/0866c2c1d7d00879f5db46ddc1250db8/1000x1000-000000-80-0-0.jpg"
"XXXTENTACION","345458084","2846148","https://www.last.fm/music/XXXTENTACION","https://cdn-images.dzcdn.net/images/artist/62e6edfaf5461eeb5b7310903229607a/1000x1000-000000-80-0-0.jpg"
"Baby Keem","205805195","2054913","https://www.last.fm/music/Baby+Keem","https://cdn-images.dzcdn.net/images/artist/56a2450351b4a111dc01ed495374da55/1000x1000-000000-80-0-0.jpg"
"RAYE","69798760","1940610","https://www.last.fm/music/RAYE","https://cdn-images.dzcdn.net/images/artist/9e900a735869624b69df52ae1b806c70/1000x1000-000000-80-0-0.jpg"
"One Direction","321008852","3296404","https://www.last.fm/music/One+Direction","https://cdn-images.dzcdn.net/images/artist/6760dba71ba14145eec5478d8b135c55/1000x1000-000000-80-0-0.jpg"
"PARTYNEXTDOOR","176474380","1995853","https://www.last.fm/music/PARTYNEXTDOOR","https://cdn-images.dzcdn.net/images/artist/c37e32022ac1dbec04461da3af1bf504/1000x1000-000000-80-0-0.jpg"
"Foo Fighters","365793296","6397434","https://www.last.fm/music/Foo+Fighters","https://cdn-images.dzcdn.net/images/artist/c2a443972cacf77896f91a66b30bfd9e/1000x1000-000000-80-0-0.jpg"
"Lil Wayne","170071430","3608958","https://www.last.fm/music/Lil+Wayne","https://cdn-images.dzcdn.net/images/artist/3ced6f5ba94b771cf704fec83c58c798/1000x1000-000000-80-0-0.jpg"
"Lil Peep","381255090","2225406","https://www.last.fm/music/Lil+Peep","https://cdn-images.dzcdn.net/images/artist/9c3749d65aa59626a0a876ca9381e10e/1000x1000-000000-80-0-0.jpg"
"Yeat","382850006","1664421","https://www.last.fm/music/Yeat","https://cdn-images.dzcdn.net/images/artist/87f49e3c06e20dcb431717d5ed502bf6/1000x1000-000000-80-0-0.jpg"
"Conan Gray","260838995","2447461","https://www.last.fm/music/Conan+Gray","https://cdn-images.dzcdn.net/images/artist/dbd4df70ee3bfa7a3a4806fa69edf543/1000x1000-000000-80-0-0.jpg"
"Metallica","538161744","5205644","https://www.last.fm/music/Metallica","https://cdn-images.dzcdn.net/images/artist/056578a9c2007f69ce198c81875eca41/1000x1000-000000-80-0-0.jpg"
"Oasis","331110511","5909045","https://www.last.fm/music/Oasis","https://cdn-images.dzcdn.net/images/artist/07a91a26e61c06353797329c7c6a4b15/1000x1000-000000-80-0-0.jpg"
"The 1975","305673189","2670202","https://www.last.fm/music/The+1975","https://cdn-images.dzcdn.net/images/artist/3408c43ed74f73c88281b37a62a51638/1000x1000-000000-80-0-0.jpg"
"Cocteau Twins","174921856","2331679","https://www.last.fm/music/Cocteau+Twins","https://cdn-images.dzcdn.net/images/artist/3bdd3587258a3bf73502ff6c65c295ec/1000x1000-000000-80-0-0.jpg"
"Marina","185333504","2308357","https://www.last.fm/music/Marina","https://cdn-images.dzcdn.net/images/artist/a2d0e12d5e8b9cf9f489db3b64c20533/1000x1000-000000-80-0-0.jpg"
"Beach House","247485932","3553514","https://www.last.fm/music/Beach+House","https://cdn-images.dzcdn.net/images/artist/bab7f5aedc71370b598262e065d3a0ef/1000x1000-000000-80-0-0.jpg"
"Djo","95586637","2366162","https://www.last.fm/music/Djo","https://cdn-images.dzcdn.net/images/artist/5e6a9578769a59e0a9857b80e626e7d8/1000x1000-000000-80-0-0.jpg"
"Slipknot","365944305","4234153","https://www.last.fm/music/Slipknot","https://cdn-images.dzcdn.net/images/artist/d1a3db36015dd98615f42a5441dcf2f5/1000x1000-000000-80-0-0.jpg"
"Demi Lovato","204007922","3442730","https://www.last.fm/music/Demi+Lovato","https://cdn-images.dzcdn.net/images/artist/ed77e3a8268b3ae1e0b73183da3896e7/1000x1000-000000-80-0-0.jpg"
"Nelly Furtado","119040829","4887584","https://www.last.fm/music/Nelly+Furtado","https://cdn-images.dzcdn.net/images/artist/47b4d4c66c9fd9d6c49f08e2d5699aaf/1000x1000-000000-80-0-0.jpg"
"Billy Joel","130853077","4080054","https://www.last.fm/music/Billy+Joel","https://cdn-images.dzcdn.net/images/artist/5e6b2f6440af7436b8152aff0d2b9c3e/1000x1000-000000-80-0-0.jpg"
"Megan Thee Stallion","187602764","2370289","https://www.last.fm/music/Megan+Thee+Stallion","https://cdn-images.dzcdn.net/images/artist/55a20b812fec74d0a72d870545fc2123/1000x1000-000000-80-0-0.jpg"
"ILLIT","95796675","1190187","https://www.last.fm/music/ILLIT","https://cdn-images.dzcdn.net/images/artist/fc9af226576dd0244593dff0c10bebf0/1000x1000-000000-80-0-0.jpg"
"Halsey","225206207","2867737","https://www.last.fm/music/Halsey","https://cdn-images.dzcdn.net/images/artist/dbfcb38ac398f2c09d18b16868426f41/1000x1000-000000-80-0-0.jpg"
"Phoebe Bridgers","293110420","2174192","https://www.last.fm/music/Phoebe+Bridgers","https://cdn-images.dzcdn.net/images/artist/ba22e54b6a9b9696be627955a49c720a/1000x1000-000000-80-0-0.jpg"
"Evanescence","220368699","4546926","https://www.last.fm/music/Evanescence","https://cdn-images.dzcdn.net/images/artist/0c993f8104879b99b1a952005a8c2426/1000x1000-000000-80-0-0.jpg"
"Juice WRLD","527136474","2522158","https://www.last.fm/music/Juice+WRLD","https://cdn-images.dzcdn.net/images/artist/2ecf2968fbbc8eb042b241b8e60e5d7e/1000x1000-000000-80-0-0.jpg"
"Adele","320332434","5646327","https://www.last.fm/music/Adele","https://cdn-images.dzcdn.net/images/artist/e5fc443d2abc03b487234ba4de65a001/1000x1000-000000-80-0-0.jpg"
"21 Savage","221773053","2321407","https://www.last.fm/music/21+Savage","https://cdn-images.dzcdn.net/images/artist/76b4cd56c7e94e8d2bdc3e2157e1080f/1000x1000-000000-80-0-0.jpg"
"MGMT","220969191","5295975","https://www.last.fm/music/MGMT","https://cdn-images.dzcdn.net/images/artist/0260c3e6e76812d73f50719292985f01/1000x1000-000000-80-0-0.jpg"
"Tory Lanez","152298401","1992193","https://www.last.fm/music/Tory+Lanez","https://cdn-images.dzcdn.net/images/artist/e4b29c5edbd368d10ecfb1a061a6de84/1000x1000-000000-80-0-0.jpg"
"Gunna","184729985","1833390","https://www.last.fm/music/Gunna","https://cdn-images.dzcdn.net/images/artist/f6ae30d19f7e865c79b070de2087bd96/1000x1000-000000-80-0-0.jpg"
"Limp Bizkit","181818001","4157886","https://www.last.fm/music/Limp+Bizkit","https://cdn-images.dzcdn.net/images/artist/63fd0602291ed4f3b564558525baa795/1000x1000-000000-80-0-0.jpg"
"Elton John","164746451","5252983","https://www.last.fm/music/Elton+John","https://cdn-images.dzcdn.net/images/artist/38ac9f6685f8d07d9528d41503bf450f/1000x1000-000000-80-0-0.jpg"
"Slayyyter","75815261","933841","https://www.last.fm/music/Slayyyter","https://cdn-images.dzcdn.net/images/artist/8f57c870d83e676aaecbbad6aec08acc/1000x1000-000000-80-0-0.jpg"
"Alex G","258868312","2087343","https://www.last.fm/music/Alex+G","https://cdn-images.dzcdn.net/images/artist/7deee3e92c9b22f2703557a50741d941/1000x1000-000000-80-0-0.jpg"
"Kid Cudi","275766041","4718531","https://www.last.fm/music/Kid+Cudi","https://cdn-images.dzcdn.net/images/artist/b963abc4bdf0a24b68529bdfb517a1fe/1000x1000-000000-80-0-0.jpg"
"OutKast","150504768","5007935","https://www.last.fm/music/OutKast","https://cdn-images.dzcdn.net/images/artist/32b909447841adfe4fd4770b1c1530ed/1000x1000-000000-80-0-0.jpg"
"aespa","273010635","1352116","https://www.last.fm/music/aespa","https://cdn-images.dzcdn.net/images/artist/0031639b755895dc9d638628587c5459/1000x1000-000000-80-0-0.jpg"
"Chris Brown","162474785","4800520","https://www.last.fm/music/Chris+Brown","https://cdn-images.dzcdn.net/images/artist/0ace078361ed30f1179e3fdba22932af/1000x1000-000000-80-0-0.jpg"
"Avril Lavigne","268924427","5169935","https://www.last.fm/music/Avril+Lavigne","https://cdn-images.dzcdn.net/images/artist/4b6910349178701af19d401213e8c279/1000x1000-000000-80-0-0.jpg"
"Young Thug","197633589","1896045","https://www.last.fm/music/Young+Thug","https://cdn-images.dzcdn.net/images/artist/89833703db63ec93f85f7979c2fb37f3/1000x1000-000000-80-0-0.jpg"
"Sufjan Stevens","303225034","3948404","https://www.last.fm/music/Sufjan+Stevens","https://cdn-images.dzcdn.net/images/artist/c4bcf58198910e8b135ae283ec8ffa76/1000x1000-000000-80-0-0.jpg"
"Ed Sheeran","257630357","4239700","https://www.last.fm/music/Ed+Sheeran","https://cdn-images.dzcdn.net/images/artist/d6bb84390641d8ae9118228d9544e53d/1000x1000-000000-80-0-0.jpg"
"Troye Sivan","171879503","2476852","https://www.last.fm/music/Troye+Sivan","https://cdn-images.dzcdn.net/images/artist/e2a772250d9c9b48bf32ca13067fe04a/1000x1000-000000-80-0-0.jpg"
"Nicki Minaj","308974022","4769726","https://www.last.fm/music/Nicki+Minaj","https://cdn-images.dzcdn.net/images/artist/cf30ba4b709168aee196dcf16f259f22/1000x1000-000000-80-0-0.jpg"
"Chase Atlantic","207696456","1898018","https://www.last.fm/music/Chase+Atlantic","https://cdn-images.dzcdn.net/images/artist/2e427a2e26a088f3717b092a01506289/1000x1000-000000-80-0-0.jpg"
"Bring Me the Horizon","328248151","2848074","https://www.last.fm/music/Bring+Me+the+Horizon","https://cdn-images.dzcdn.net/images/artist/d159e783c1f419ae27fd2deca5b89b54/1000x1000-000000-80-0-0.jpg"
"Blood Orange","108643621","2010977","https://www.last.fm/music/Blood+Orange","https://cdn-images.dzcdn.net/images/artist/63ee5c28add70150aaff4f33371ab5a5/1000x1000-000000-80-0-0.jpg"
"The Rolling Stones","275610180","5847908","https://www.last.fm/music/The+Rolling+Stones","https://cdn-images.dzcdn.net/images/artist/cac467bef484959b4ad503c4cb7ef83d/1000x1000-000000-80-0-0.jpg"
"Chief Keef","144649802","1780927","https://www.last.fm/music/Chief+Keef","https://cdn-images.dzcdn.net/images/artist/a29d10aa80b1b1caf5772bc258dfc563/1000x1000-000000-80-0-0.jpg"
"The Police","112690767","4634012","https://www.last.fm/music/The+Police","https://cdn-images.dzcdn.net/images/artist/5b4796f1d81da41fa45db0eda8d51b04/1000x1000-000000-80-0-0.jpg"
"bôa","83837467","2154863","https://www.last.fm/music/b%C3%B4a","https://cdn-images.dzcdn.net/images/artist/74558920b253c61fca84e5145158b2b3/1000x1000-000000-80-0-0.jpg"
"Doechii","98141675","2055190","https://www.last.fm/music/Doechii","https://cdn-images.dzcdn.net/images/artist/b2ee54b63e3a3485b6aed609fd320521/1000x1000-000000-80-0-0.jpg"
"EsDeeKid","65511079","989419","https://www.last.fm/music/EsDeeKid","https://cdn-images.dzcdn.net/images/artist/afad4388b6359c9d3fef0110d01efcd3/1000x1000-000000-80-0-0.jpg"
"Shawn Mendes","143383225","2756462","https://www.last.fm/music/Shawn+Mendes","https://cdn-images.dzcdn.net/images/artist/3d8ed563d628c5c61ec4569d032ab682/1000x1000-000000-80-0-0.jpg"
"Alice in Chains","223998838","3477754","https://www.last.fm/music/Alice+in+Chains","https://cdn-images.dzcdn.net/images/artist/3aa296910e3e6739fe4044d2959d31bc/1000x1000-000000-80-0-0.jpg"
"The Kid LAROI","167526827","2536761","https://www.last.fm/music/The+Kid+LAROI","https://cdn-images.dzcdn.net/images/artist/784b991057e2b8c07e8b9687a79502ce/1000x1000-000000-80-0-0.jpg"
"Selena Gomez","205828264","3203507","https://www.last.fm/music/Selena+Gomez","https://cdn-images.dzcdn.net/images/artist/26b3660183a4a626bb185a7089f090b4/1000x1000-000000-80-0-0.jpg"
"Empire of the Sun","80397514","3088562","https://www.last.fm/music/Empire+of+the+Sun","https://cdn-images.dzcdn.net/images/artist/7a91845938492af3644e7152a661ca95/1000x1000-000000-80-0-0.jpg"
"Trippie Redd","189480113","1912850","https://www.last.fm/music/Trippie+Redd","https://cdn-images.dzcdn.net/images/artist/9c6a85a7936ea791fcd819ff60db3101/1000x1000-000000-80-0-0.jpg"
"50 Cent","121653875","4954461","https://www.last.fm/music/50+Cent","https://cdn-images.dzcdn.net/images/artist/58da3cca2d598e43c7a7823cf75277e5/1000x1000-000000-80-0-0.jpg"
"Gwen Stefani","91235828","4520862","https://www.last.fm/music/Gwen+Stefani","https://cdn-images.dzcdn.net/images/artist/a8e7f4f34b88787f5c26ed94f86357c6/1000x1000-000000-80-0-0.jpg"
"Imagine Dragons","253714807","4091304","https://www.last.fm/music/Imagine+Dragons","https://cdn-images.dzcdn.net/images/artist/1ba025c23cae3dee14b51152990285fc/1000x1000-000000-80-0-0.jpg"
"Mazzy Star","111449957","2762909","https://www.last.fm/music/Mazzy+Star","https://cdn-images.dzcdn.net/images/artist/ca49f4fe2bd553aad0d0fa9dac2616e3/1000x1000-000000-80-0-0.jpg"
"5 Seconds of Summer","217333813","2295323","https://www.last.fm/music/5+Seconds+of+Summer","https://cdn-images.dzcdn.net/images/artist/18649acf58b5af865c76af0f0b443e2c/1000x1000-000000-80-0-0.jpg"
"Korn","253408154","3434134","https://www.last.fm/music/Korn","https://cdn-images.dzcdn.net/images/artist/77c9598025a4f29d7c4d070fbde6a0c8/1000x1000-000000-80-0-0.jpg"
"Melanie Martinez","260058951","2338013","https://www.last.fm/music/Melanie+Martinez","https://cdn-images.dzcdn.net/images/artist/f093ca110598a29d39dfffdaabdcdf54/1000x1000-000000-80-0-0.jpg"
"Lucki","297269574","1170519","https://www.last.fm/music/Lucki","https://cdn-images.dzcdn.net/images/artist/395355db8338bee1450fce13b194b7fe/1000x1000-000000-80-0-0.jpg"
"The Cardigans","94546413","3705090","https://www.last.fm/music/The+Cardigans","https://cdn-images.dzcdn.net/images/artist/ce0c2d785e7509b93c0e36b67cb6dc46/1000x1000-000000-80-0-0.jpg"
"Tears for Fears","92535596","3985296","https://www.last.fm/music/Tears+for+Fears","https://cdn-images.dzcdn.net/images/artist/4c802732227999ca78fdb5c8d76eae50/1000x1000-000000-80-0-0.jpg"
"Miguel","81264188","2717084","https://www.last.fm/music/Miguel","https://cdn-images.dzcdn.net/images/artist/4a63f4c65dbdff6e914b681c0a83d059/1000x1000-000000-80-0-0.jpg"
"Jung Kook","817209278","1507216","https://www.last.fm/music/Jung+Kook","https://cdn-images.dzcdn.net/images/artist/7e8a65d06b7c0293ff33f44e34a8b7e6/1000x1000-000000-80-0-0.jpg"
"Usher","104586850","5058999","https://www.last.fm/music/Usher","https://cdn-images.dzcdn.net/images/artist/7c25d479052a51ecc4674eae6e4c1c27/1000x1000-000000-80-0-0.jpg"
"Cage the Elephant","148020625","3407424","https://www.last.fm/music/Cage+the+Elephant","https://cdn-images.dzcdn.net/images/artist/9f9eee0cfa9246bf9dc057c384b36269/1000x1000-000000-80-0-0.jpg"
"Three Days Grace","187893445","3907753","https://www.last.fm/music/Three+Days+Grace","https://cdn-images.dzcdn.net/images/artist/2ffbb6971279cc57ba1c029178ac6ed3/1000x1000-000000-80-0-0.jpg"
"Ellie Goulding","154295071","4004308","https://www.last.fm/music/Ellie+Goulding","https://cdn-images.dzcdn.net/images/artist/f5547a72acf0359ebdce667bcc35c64b/1000x1000-000000-80-0-0.jpg"
"Lil Tecca","163089830","1791652","https://www.last.fm/music/Lil+Tecca","https://cdn-images.dzcdn.net/images/artist/9f9692bbbbbce78c031416ad11a0d1f0/1000x1000-000000-80-0-0.jpg"
"BLACKPINK","316525298","2021000","https://www.last.fm/music/BLACKPINK","https://cdn-images.dzcdn.net/images/artist/89675729453893a91be35bde691050ff/1000x1000-000000-80-0-0.jpg"
"Kodak Black","107984529","1847060","https://www.last.fm/music/Kodak+Black","https://cdn-images.dzcdn.net/images/artist/ea8a331290d65200aaf09a7748975079/1000x1000-000000-80-0-0.jpg"
"Lil Baby","172209326","1637128","https://www.last.fm/music/Lil+Baby","https://cdn-images.dzcdn.net/images/artist/7bc10ddb4a409bfb89ae740c6ed50b28/1000x1000-000000-80-0-0.jpg"
"Prince","105108836","3402530","https://www.last.fm/music/Prince","https://cdn-images.dzcdn.net/images/artist/85eec086152fb01d873ccdb0810e2660/1000x1000-000000-80-0-0.jpg"
"Faye Webster","137582324","1811945","https://www.last.fm/music/Faye+Webster","https://cdn-images.dzcdn.net/images/artist/ea1fa4f988fe65bb876126acbfdf8ad8/1000x1000-000000-80-0-0.jpg"
"The Chainsmokers","90595304","2851589","https://www.last.fm/music/The+Chainsmokers","https://cdn-images.dzcdn.net/images/artist/461231bf0a032d7b8b315e05d1b4bbd7/1000x1000-000000-80-0-0.jpg"
"CORTIS","30852299","508010","https://www.last.fm/music/CORTIS","https://cdn-images.dzcdn.net/images/artist/4b7127ce3172e9618728706721211f90/1000x1000-000000-80-0-0.jpg"
"Madison Beer","112819850","1698168","https://www.last.fm/music/Madison+Beer","https://cdn-images.dzcdn.net/images/artist/65eb085ed3f6bcaa07ba0017acc04767/1000x1000-000000-80-0-0.jpg"
"Led Zeppelin","343032947","4957564","https://www.last.fm/music/Led+Zeppelin","https://cdn-images.dzcdn.net/images/artist/2cf138b96a63da677ac6fb79846607c8/1000x1000-000000-80-0-0.jpg"
"Marvin Gaye","93101927","3809566","https://www.last.fm/music/Marvin+Gaye","https://cdn-images.dzcdn.net/images/artist/149cf44d269d34d3277b97ea1b907366/1000x1000-000000-80-0-0.jpg"
"Panchiko","86927230","1199007","https://www.last.fm/music/Panchiko","https://cdn-images.dzcdn.net/images/artist/fd457104147efc84c2d5e5dd1f3d1063/1000x1000-000000-80-0-0.jpg"
"Ravyn Lenae","46688764","1760771","https://www.last.fm/music/Ravyn+Lenae","https://cdn-images.dzcdn.net/images/artist/25ba7196dc034e699f9554e69ed87bd3/1000x1000-000000-80-0-0.jpg"
"ROSALÍA","206143895","1881016","https://www.last.fm/music/ROSAL%C3%8DA","https://cdn-images.dzcdn.net/images/artist/96636156440182f1e7db3f77d39e6545/1000x1000-000000-80-0-0.jpg"
"Florence + the Machine","284547304","3927865","https://www.last.fm/music/Florence+%252B+the+Machine","https://cdn-images.dzcdn.net/images/artist/03380466e2b2c6c681357f0de682b320/1000x1000-000000-80-0-0.jpg"
"Lizzy McAlpine","115703442","1446973","https://www.last.fm/music/Lizzy+McAlpine","https://cdn-images.dzcdn.net/images/artist/b5c5ce7b4520dd1c6ad07587bf9e17fa/1000x1000-000000-80-0-0.jpg"
"Guns N' Roses","205870918","5231981","https://www.last.fm/music/Guns+N%27+Roses","https://cdn-images.dzcdn.net/images/artist/c62989722e38d7a2ab18afde3c19bc5c/1000x1000-000000-80-0-0.jpg"
"Pearl Jam","255498755","4385580","https://www.last.fm/music/Pearl+Jam","https://cdn-images.dzcdn.net/images/artist/3e279f4e0269fdb2733474ddfa074a91/1000x1000-000000-80-0-0.jpg"
"2Pac","148136693","4196825","https://www.last.fm/music/2Pac","https://cdn-images.dzcdn.net/images/artist/dc2743d871b5935004292eed2cd55f68/1000x1000-000000-80-0-0.jpg"
"blink-182","310902916","4656838","https://www.last.fm/music/blink-182","https://cdn-images.dzcdn.net/images/artist/3c60337b3a7cf8d3740bcea4c277f4e1/1000x1000-000000-80-0-0.jpg"
"Charlie Puth","136790931","2519302","https://www.last.fm/music/Charlie+Puth","https://cdn-images.dzcdn.net/images/artist/c355b366638e0c5f20f4b265f0f12646/1000x1000-000000-80-0-0.jpg"
"Tove Lo","125108078","2476719","https://www.last.fm/music/Tove+Lo","https://cdn-images.dzcdn.net/images/artist/17ccd7da6a23da59066bef76cb89dbb7/1000x1000-000000-80-0-0.jpg"
"Ken Carson","288843981","1176072","https://www.last.fm/music/Ken+Carson","https://cdn-images.dzcdn.net/images/artist/b861d18355aa471cbd419ed28d4e40ab/1000x1000-000000-80-0-0.jpg"
"Frank Sinatra","183649811","4950325","https://www.last.fm/music/Frank+Sinatra","https://cdn-images.dzcdn.net/images/artist/e22ed29d34715f53323c6d190410a27c/1000x1000-000000-80-0-0.jpg"
"The Goo Goo Dolls","54307239","2678959","https://www.last.fm/music/The+Goo+Goo+Dolls","https://cdn-images.dzcdn.net/images/artist/dff7cbd9d529b11b9593428886c3b5fc/1000x1000-000000-80-0-0.jpg"
"Jennie","113495673","1531203","https://www.last.fm/music/Jennie","https://cdn-images.dzcdn.net/images/artist/56c65ac9ea451119ddc8c0b02915d103/1000x1000-000000-80-0-0.jpg"
"Grimes","197660847","2690337","https://www.last.fm/music/Grimes","https://cdn-images.dzcdn.net/images/artist/8a207720e8bed18bab25883fba019dc7/1000x1000-000000-80-0-0.jpg"
"Mariah Carey","255507497","5090737","https://www.last.fm/music/Mariah+Carey","https://cdn-images.dzcdn.net/images/artist/818c27b3e5a6179d4cd2f053df9abaf1/1000x1000-000000-80-0-0.jpg"
"Blur","196852953","4803807","https://www.last.fm/music/Blur","https://cdn-images.dzcdn.net/images/artist/e1fe5cc77138cba2bff3a26efeb8f5c6/1000x1000-000000-80-0-0.jpg"
"Lil Yachty","133645183","1824421","https://www.last.fm/music/Lil+Yachty","https://cdn-images.dzcdn.net/images/artist/951e2a9c9941001954d1d8685f84a65d/1000x1000-000000-80-0-0.jpg"
"Slowdive","149392727","2249644","https://www.last.fm/music/Slowdive","https://cdn-images.dzcdn.net/images/artist/16417737fe6efb615f826ef4902e7faf/1000x1000-000000-80-0-0.jpg"
"Big Thief","123116741","1680206","https://www.last.fm/music/Big+Thief","https://cdn-images.dzcdn.net/images/artist/78df44195e9c4927ee83caa0eb2adb18/1000x1000-000000-80-0-0.jpg"
"Pixies","217053327","4297455","https://www.last.fm/music/Pixies","https://cdn-images.dzcdn.net/images/artist/521844a11b4e92f9ace7a6374c68ae7e/1000x1000-000000-80-0-0.jpg"
"Glass Animals","137829108","2650436","https://www.last.fm/music/Glass+Animals","https://cdn-images.dzcdn.net/images/artist/b2e9164dfa2a293330ce341905710034/1000x1000-000000-80-0-0.jpg"
"Ethel Cain","158460872","1294741","https://www.last.fm/music/Ethel+Cain","https://cdn-images.dzcdn.net/images/artist/307730654d49fa43c7fb02bc5b693eb9/1000x1000-000000-80-0-0.jpg"
"Daryl Hall & John Oates","56650429","2574278","https://www.last.fm/music/Daryl+Hall+&+John+Oates","https://cdn-images.dzcdn.net/images/artist/230ecf548a0bf061335ed479c402a61a/1000x1000-000000-80-0-0.jpg"
"Red Velvet","248124125","1425431","https://www.last.fm/music/Red+Velvet","https://cdn-images.dzcdn.net/images/artist/0ce3988847484f293a81a0597e775f11/1000x1000-000000-80-0-0.jpg"
"Sean Paul","51563728","3269346","https://www.last.fm/music/Sean+Paul","https://cdn-images.dzcdn.net/images/artist/043332be51a1a67cb0a363ea88475a41/1000x1000-000000-80-0-0.jpg"
"Magdalena Bay","117381764","1468147","https://www.last.fm/music/Magdalena+Bay","https://cdn-images.dzcdn.net/images/artist/d997d33abc84ad8158e6379c84eeb761/1000x1000-000000-80-0-0.jpg"
"Kate Bush","146925426","3484875","https://www.last.fm/music/Kate+Bush","https://cdn-images.dzcdn.net/images/artist/ccbaf14c0164d376285f6500944fba21/1000x1000-000000-80-0-0.jpg"
"$uicideboy$","475910422","1601842","https://www.last.fm/music/$uicideboy$","https://cdn-images.dzcdn.net/images/artist/6e1c90401ea0548202794939bd7dd4de/1000x1000-000000-80-0-0.jpg"
"Amy Winehouse","205572966","4651945","https://www.last.fm/music/Amy+Winehouse","https://cdn-images.dzcdn.net/images/artist/0cacb43a576b031eb169cca27171c1f5/1000x1000-000000-80-0-0.jpg"
"Black Sabbath","211735605","4417378","https://www.last.fm/music/Black+Sabbath","https://cdn-images.dzcdn.net/images/artist/91ab912207e1dc0b20ef53dc751e4aff/1000x1000-000000-80-0-0.jpg"
"girl in red","116834697","2519203","https://www.last.fm/music/girl+in+red","https://cdn-images.dzcdn.net/images/artist/e83c7a4325debed6305ca5b976ae69d2/1000x1000-000000-80-0-0.jpg"
"The Notorious B.I.G.","95967061","3151882","https://www.last.fm/music/The+Notorious+B.I.G.","https://cdn-images.dzcdn.net/images/artist/87e928a899c183eb10f1da14db7485dd/1000x1000-000000-80-0-0.jpg"
"Flo Rida","77780139","4207212","https://www.last.fm/music/Flo+Rida","https://cdn-images.dzcdn.net/images/artist/874be1584f9f2dd969bb8cce97916f37/1000x1000-000000-80-0-0.jpg"
"Gigi Perez","51795209","1447956","https://www.last.fm/music/Gigi+Perez","https://cdn-images.dzcdn.net/images/artist/13d2d6a66674cb9a1c4fdb1a7d014863/1000x1000-000000-80-0-0.jpg"
"Wallows","129038566","2094292","https://www.last.fm/music/Wallows","https://cdn-images.dzcdn.net/images/artist/af6edbdb011593c580c4a5b80155597e/1000x1000-000000-80-0-0.jpg"
"Men I Trust","128161480","2190402","https://www.last.fm/music/Men+I+Trust","https://cdn-images.dzcdn.net/images/artist/6ba5514f705f2d77a99ee62a28aa358a/1000x1000-000000-80-0-0.jpg"
"Crystal Castles","242773144","3207439","https://www.last.fm/music/Crystal+Castles","https://cdn-images.dzcdn.net/images/artist/15c7406614426f7ec43496abeb3acb8a/1000x1000-000000-80-0-0.jpg"
"ENHYPEN","349420974","1155564","https://www.last.fm/music/ENHYPEN","https://cdn-images.dzcdn.net/images/artist/03e5c2e41dc6dd55fcde47bd6b217349/1000x1000-000000-80-0-0.jpg"
"Billy Idol","58520941","3106135","https://www.last.fm/music/Billy+Idol","https://cdn-images.dzcdn.net/images/artist/dd4a56da5e3a5e74812ffded839ab883/1000x1000-000000-80-0-0.jpg"
"Bryson Tiller","107316013","1719368","https://www.last.fm/music/Bryson+Tiller","https://cdn-images.dzcdn.net/images/artist/d7af8b6f54a0e2b825d5ae92f9e767da/1000x1000-000000-80-0-0.jpg"
"OneRepublic","136692289","4352020","https://www.last.fm/music/OneRepublic","https://cdn-images.dzcdn.net/images/artist/36556d769dc4052d915eb78c8daf98fb/1000x1000-000000-80-0-0.jpg"
"Camila Cabello","130548539","2436821","https://www.last.fm/music/Camila+Cabello","https://cdn-images.dzcdn.net/images/artist/4591e8a49868c2494652767f47695a90/1000x1000-000000-80-0-0.jpg"
"Imogen Heap","92399797","3088568","https://www.last.fm/music/Imogen+Heap","https://cdn-images.dzcdn.net/images/artist/9e9e084e318bf2838f02ca4e9f979946/1000x1000-000000-80-0-0.jpg"
"j-hope","773025307","1076694","https://www.last.fm/music/j-hope","https://cdn-images.dzcdn.net/images/artist/c095600918a933a56803b23f9f4c824b/1000x1000-000000-80-0-0.jpg"
"DJ Snake","50079488","2652951","https://www.last.fm/music/DJ+Snake","https://cdn-images.dzcdn.net/images/artist/f4b1cf6875953f8747a73006928ae172/1000x1000-000000-80-0-0.jpg"
"Suki Waterhouse","56372648","1797495","https://www.last.fm/music/Suki+Waterhouse","https://cdn-images.dzcdn.net/images/artist/ba4f7cd06e235d794255be79e37dbbe9/1000x1000-000000-80-0-0.jpg"
"ZAYN","122093715","2284078","https://www.last.fm/music/ZAYN","https://cdn-images.dzcdn.net/images/artist/1789e943d6bc7ee4a6efe32233d1a90b/1000x1000-000000-80-0-0.jpg"
"Rae Sremmurd","47785713","1955536","https://www.last.fm/music/Rae+Sremmurd","https://cdn-images.dzcdn.net/images/artist/3c49e7b66a17d5f37a739d732151c77f/1000x1000-000000-80-0-0.jpg"
"The Jackson 5","28525369","2587084","https://www.last.fm/music/The+Jackson+5","https://cdn-images.dzcdn.net/images/artist/2e5ab9758b5e69a147d226d9f1c61108/1000x1000-000000-80-0-0.jpg"
"The Offspring","215411399","4599068","https://www.last.fm/music/The+Offspring","https://cdn-images.dzcdn.net/images/artist/cb39bd249507f7f66782834195be99de/1000x1000-000000-80-0-0.jpg"
"Björk","261250976","3477653","https://www.last.fm/music/Bj%C3%B6rk","https://cdn-images.dzcdn.net/images/artist/592fdd6886d9885e7572e783506fcded/1000x1000-000000-80-0-0.jpg"
"MF DOOM","164140755","2316863","https://www.last.fm/music/MF+DOOM","https://cdn-images.dzcdn.net/images/artist/9d0894060342ceaf881e4b987072cc0a/1000x1000-000000-80-0-0.jpg"
"Fontaines D.C.","80208459","1155248","https://www.last.fm/music/Fontaines+D.C.","https://cdn-images.dzcdn.net/images/artist/16a138afd9ed4678e4ff21e7fcfea648/1000x1000-000000-80-0-0.jpg"
"Eagles","80969429","3861867","https://www.last.fm/music/Eagles","https://cdn-images.dzcdn.net/images/artist/178be204025c8d38a72113564b647baf/1000x1000-000000-80-0-0.jpg"
"Depeche Mode","297867890","4473284","https://www.last.fm/music/Depeche+Mode","https://cdn-images.dzcdn.net/images/artist/b18856da7850c8b8cb10476fefc15657/1000x1000-000000-80-0-0.jpg"
"Snow Strippers","60239229","930353","https://www.last.fm/music/Snow+Strippers","https://cdn-images.dzcdn.net/images/artist/0432e66663b41247e393fd16b37c6d62/1000x1000-000000-80-0-0.jpg"
"Khalid","97500248","2332550","https://www.last.fm/music/Khalid","https://cdn-images.dzcdn.net/images/artist/e6237058662af2e9d4815e57071353cd/1000x1000-000000-80-0-0.jpg"
"TOMORROW X TOGETHER","444169998","1251534","https://www.last.fm/music/TOMORROW+X+TOGETHER","https://cdn-images.dzcdn.net/images/artist/4b04ae513b382d40803a8b3addbb0c49/1000x1000-000000-80-0-0.jpg"
"Lisa","130421084","1981525","https://www.last.fm/music/Lisa","https://cdn-images.dzcdn.net/images/artist/040c7161f753b46331aad225cb8bac38/1000x1000-000000-80-0-0.jpg"
"Anitta","167080317","1237984","https://www.last.fm/music/Anitta","https://cdn-images.dzcdn.net/images/artist/bab6017df606c55ba0b5418fc345c3ca/1000x1000-000000-80-0-0.jpg"
"Cardi B","80212218","2455169","https://www.last.fm/music/Cardi+B","https://cdn-images.dzcdn.net/images/artist/af776cd99efbc010c3782030df0e7e1e/1000x1000-000000-80-0-0.jpg"
"AC/DC","214508590","4582415","https://www.last.fm/music/AC%2FDC","https://cdn-images.dzcdn.net/images/artist/7dbc950be70f997ba0cd2b39de7f2aa7/1000x1000-000000-80-0-0.jpg"
"Hotel Ugly","54542909","1945694","https://www.last.fm/music/Hotel+Ugly","https://cdn-images.dzcdn.net/images/artist/f4e7914b0e9b3bc1cf767a2d7cc29aa0/1000x1000-000000-80-0-0.jpg"
"Soundgarden","105373388","3357354","https://www.last.fm/music/Soundgarden","https://cdn-images.dzcdn.net/images/artist/b930cedb94fd49695baa3f39281bd804/1000x1000-000000-80-0-0.jpg"
"Duran Duran","78246255","3209130","https://www.last.fm/music/Duran+Duran","https://cdn-images.dzcdn.net/images/artist/86f76b67c1ac24310182281b4f1a419b/1000x1000-000000-80-0-0.jpg"
"America","41973871","2202656","https://www.last.fm/music/America","https://cdn-images.dzcdn.net/images/artist/457f2a9a9b2c4717a6ebf7ff4237a9c7/1000x1000-000000-80-0-0.jpg"
"Tyla","53498974","1518704","https://www.last.fm/music/Tyla","https://cdn-images.dzcdn.net/images/artist/24a1f0e2b55a08734fd38cc82089246c/1000x1000-000000-80-0-0.jpg"
"Adrianne Lenker","116901120","1367823","https://www.last.fm/music/Adrianne+Lenker","https://cdn-images.dzcdn.net/images/artist/bc9e24a69c3176ce48b236f9d0f57451/1000x1000-000000-80-0-0.jpg"
"Talking Heads","144475458","3266654","https://www.last.fm/music/Talking+Heads","https://cdn-images.dzcdn.net/images/artist/cc36269657d82833d0d0f1432501e0d5/1000x1000-000000-80-0-0.jpg"
"Julia Wolf","17063727","721988","https://www.last.fm/music/Julia+Wolf","https://cdn-images.dzcdn.net/images/artist/7a60ce347796a4fc69ccfe28d4aee719/1000x1000-000000-80-0-0.jpg"
"FKA twigs","156731798","1687651","https://www.last.fm/music/FKA+twigs","https://cdn-images.dzcdn.net/images/artist/bf719e96b43f7ddcc50ea2330b1452bc/1000x1000-000000-80-0-0.jpg"
"Sublime","126695490","3152501","https://www.last.fm/music/Sublime","https://cdn-images.dzcdn.net/images/artist/486005b2c449bd8e092315ad60dcd80f/1000x1000-000000-80-0-0.jpg"
"Dave","79243117","1355558","https://www.last.fm/music/Dave","https://cdn-images.dzcdn.net/images/artist/eb2c8952b7328fdf32b3546d5ffab8c2/1000x1000-000000-80-0-0.jpg"
"Disclosure","76216191","2513078","https://www.last.fm/music/Disclosure","https://cdn-images.dzcdn.net/images/artist/83aa8d9bb361fe039ee1caf0488eb0c1/1000x1000-000000-80-0-0.jpg"
"Kehlani","72852838","1735867","https://www.last.fm/music/Kehlani","https://cdn-images.dzcdn.net/images/artist/2bf1fa3d1cc1716f784dadf112d16d9e/1000x1000-000000-80-0-0.jpg"
"Zedd","63250650","2638878","https://www.last.fm/music/Zedd","https://cdn-images.dzcdn.net/images/artist/6013ec7ad0b823306c3582e2792dd145/1000x1000-000000-80-0-0.jpg"
"Kings of Leon","267700345","5157913","https://www.last.fm/music/Kings+of+Leon","https://cdn-images.dzcdn.net/images/artist/885666d91db534adc8d120bbc81ac0ac/1000x1000-000000-80-0-0.jpg"
"Aphex Twin","225590645","3047742","https://www.last.fm/music/Aphex+Twin","https://cdn-images.dzcdn.net/images/artist/22545b72e8b8eecd902824d600badcf3/1000x1000-000000-80-0-0.jpg"
"Nine Inch Nails","322325442","3632284","https://www.last.fm/music/Nine+Inch+Nails","https://cdn-images.dzcdn.net/images/artist/cb15e0065ad89b90f688a250f46001f4/1000x1000-000000-80-0-0.jpg"
"Isaiah Rashad","83864962","1320835","https://www.last.fm/music/Isaiah+Rashad","https://cdn-images.dzcdn.net/images/artist/7d4a6b01fdef449ba6b0c97bdb6a65ea/1000x1000-000000-80-0-0.jpg"
"Strawberry Guy","52124498","1758123","https://www.last.fm/music/Strawberry+Guy","https://cdn-images.dzcdn.net/images/artist/994e266372b2bae5f7ee407e40134713/1000x1000-000000-80-0-0.jpg"
"Hearts2Hearts","23649599","461890","https://www.last.fm/music/Hearts2Hearts","https://cdn-images.dzcdn.net/images/artist/6d659e8b2bed3307ee9535c322f55379/1000x1000-000000-80-0-0.jpg"
"Eyedress","76437377","2239188","https://www.last.fm/music/Eyedress","https://cdn-images.dzcdn.net/images/artist/da2a602561e585e0e766a9d0b73db8b3/1000x1000-000000-80-0-0.jpg"
"Migos","73234955","1897634","https://www.last.fm/music/Migos","https://cdn-images.dzcdn.net/images/artist/dc75c88ae1982a4187a3b806899e17ab/1000x1000-000000-80-0-0.jpg"
"Stevie Wonder","113617945","3977940","https://www.last.fm/music/Stevie+Wonder","https://cdn-images.dzcdn.net/images/artist/b8138428e7b0ce78843106b4b83d4e77/1000x1000-000000-80-0-0.jpg"
"Dire Straits","117080748","3550461","https://www.last.fm/music/Dire+Straits","https://cdn-images.dzcdn.net/images/artist/400d3ece017a3482e9aae5d0c0a951f6/1000x1000-000000-80-0-0.jpg"
"Bee Gees","70515886","3476485","https://www.last.fm/music/Bee+Gees","https://cdn-images.dzcdn.net/images/artist/561402d0ce91b933f86b61ce9050c913/1000x1000-000000-80-0-0.jpg"
"The Sundays","51536035","1363163","https://www.last.fm/music/The+Sundays","https://cdn-images.dzcdn.net/images/artist/a004c1fc68bfcf68516bbfb956be4d6c/1000x1000-000000-80-0-0.jpg"
"Avicii","113533431","3381367","https://www.last.fm/music/Avicii","https://cdn-images.dzcdn.net/images/artist/82e214b0cb39316f4a12a082fded54f6/1000x1000-000000-80-0-0.jpg"
"Elliott Smith","290232473","2963031","https://www.last.fm/music/Elliott+Smith","https://cdn-images.dzcdn.net/images/artist/5570c6ad10ad8e7161a55b49f5b9a382/1000x1000-000000-80-0-0.jpg"
"Queens of the Stone Age","257149750","3762762","https://www.last.fm/music/Queens+of+the+Stone+Age","https://cdn-images.dzcdn.net/images/artist/59574e8a87b293aa74f9201d0b83e58a/1000x1000-000000-80-0-0.jpg"
"Metric","113525882","2891513","https://www.last.fm/music/Metric","https://cdn-images.dzcdn.net/images/artist/016dc77d280f454c25fd66840da97439/1000x1000-000000-80-0-0.jpg"
"Two Door Cinema Club","130814143","3175902","https://www.last.fm/music/Two+Door+Cinema+Club","https://cdn-images.dzcdn.net/images/artist/fdda4a6426606458b5ad22d5cf4a7f24/1000x1000-000000-80-0-0.jpg"
"Labrinth","76131257","2581201","https://www.last.fm/music/Labrinth","https://cdn-images.dzcdn.net/images/artist/b422ba7e73aeb2396b1cb2cfd3e0fbac/1000x1000-000000-80-0-0.jpg"
"Major Lazer","70329407","3021896","https://www.last.fm/music/Major+Lazer","https://cdn-images.dzcdn.net/images/artist/2a610a5ebed40d1187b5599066052cb3/1000x1000-000000-80-0-0.jpg"
"Stray Kids","495342965","1373597","https://www.last.fm/music/Stray+Kids","https://cdn-images.dzcdn.net/images/artist/004d3950684af2157081072af2df192b/1000x1000-000000-80-0-0.jpg"
"Sam Smith","114068669","3109596","https://www.last.fm/music/Sam+Smith","https://cdn-images.dzcdn.net/images/artist/84b102bd5ea63d5e792a88f85f14adbc/1000x1000-000000-80-0-0.jpg"
"A Boogie wit da Hoodie","103314415","1472563","https://www.last.fm/music/A+Boogie+wit+da+Hoodie","https://cdn-images.dzcdn.net/images/artist/65bccca3a5db7a4497124fa14f0fee0a/1000x1000-000000-80-0-0.jpg"
"Marina Sena","100860181","503229","https://www.last.fm/music/Marina+Sena","https://cdn-images.dzcdn.net/images/artist/0026ccb932df7c793d04cc72e950dad1/1000x1000-000000-80-0-0.jpg"
"Willow","75637276","2381929","https://www.last.fm/music/Willow","https://cdn-images.dzcdn.net/images/artist/a0221011989d9c58bb8173ed42d06e40/1000x1000-000000-80-0-0.jpg"
"Fiona Apple","181348927","2742016","https://www.last.fm/music/Fiona+Apple","https://cdn-images.dzcdn.net/images/artist/8d04617744ea61e7ad2891cf0297f3b5/1000x1000-000000-80-0-0.jpg"
"Ayesha Erotica","63918745","1226169","https://www.last.fm/music/Ayesha+Erotica","https://cdn-images.dzcdn.net/images/artist/cf522dbdd7bc368636c3077a3ba8b0a3/1000x1000-000000-80-0-0.jpg"
"2hollis","84337714","824305","https://www.last.fm/music/2hollis","https://cdn-images.dzcdn.net/images/artist/c1f95fb1a1767fda0d7fd7ed8b4cea70/1000x1000-000000-80-0-0.jpg"
"Snoop Dogg","83568987","4402057","https://www.last.fm/music/Snoop+Dogg","https://cdn-images.dzcdn.net/images/artist/5e53a969faf1fc8e9dee3811df20c617/1000x1000-000000-80-0-0.jpg"
"Mother Mother","106383022","1951903","https://www.last.fm/music/Mother+Mother","https://cdn-images.dzcdn.net/images/artist/5977b3712e1aac200d66b358ba633682/1000x1000-000000-80-0-0.jpg"
"Sienna Spiro","7482491","488256","https://www.last.fm/music/Sienna+Spiro","https://cdn-images.dzcdn.net/images/artist/40d13a8d0e375d29b42e2a1ce51876d5/1000x1000-000000-80-0-0.jpg"
"Title Fight","102115324","1220983","https://www.last.fm/music/Title+Fight","https://cdn-images.dzcdn.net/images/artist/bff3aa3bef58ac38aea3eb007310f5c4/1000x1000-000000-80-0-0.jpg"
"JPEGMAFIA","232934260","1239467","https://www.last.fm/music/JPEGMAFIA","https://cdn-images.dzcdn.net/images/artist/66251bd5d137fb7270d66c407a6f96e2/1000x1000-000000-80-0-0.jpg"
"Gucci Mane","68203826","2792405","https://www.last.fm/music/Gucci+Mane","https://cdn-images.dzcdn.net/images/artist/887fe074ecf8b10e4a16f897a5eaf761/1000x1000-000000-80-0-0.jpg"
"Nickelback","153356232","4385922","https://www.last.fm/music/Nickelback","https://cdn-images.dzcdn.net/images/artist/330ba45fea5de7a576b4a6c30b266157/1000x1000-000000-80-0-0.jpg"
"Sia","164188394","4425128","https://www.last.fm/music/Sia","https://cdn-images.dzcdn.net/images/artist/f3d1301aeb356dc0f40440c3d4f39d0e/1000x1000-000000-80-0-0.jpg"
"Marshmello","69367736","2604223","https://www.last.fm/music/Marshmello","https://cdn-images.dzcdn.net/images/artist/7990773a89df9f06fc2b871ad1de00bf/1000x1000-000000-80-0-0.jpg"
"Bob Dylan","295552361","4322452","https://www.last.fm/music/Bob+Dylan","https://cdn-images.dzcdn.net/images/artist/b8a57d58ceced56e2222ea8d6e6c4a85/1000x1000-000000-80-0-0.jpg"
"Creedence Clearwater Revival","123429940","4112096","https://www.last.fm/music/Creedence+Clearwater+Revival","https://cdn-images.dzcdn.net/images/artist/3854c0eca16431e26987bf515f83d364/1000x1000-000000-80-0-0.jpg"
"Bladee","420345942","982594","https://www.last.fm/music/Bladee","https://cdn-images.dzcdn.net/images/artist/d502fdda3c318e4955383c0ebfd86bad/1000x1000-000000-80-0-0.jpg"
"Her's","48126799","1513556","https://www.last.fm/music/Her%27s","https://cdn-images.dzcdn.net/images/artist/39e492001b214fc51ba15e98689e3407/1000x1000-000000-80-0-0.jpg"
"IVE","163951428","1068028","https://www.last.fm/music/IVE","https://cdn-images.dzcdn.net/images/artist/6b485876ae2f3513f77eee2ebd8d4994/1000x1000-000000-80-0-0.jpg"
"Lord Huron","74588410","2326592","https://www.last.fm/music/Lord+Huron","https://cdn-images.dzcdn.net/images/artist/b50836bc5fdf0270a52083b977e302aa/1000x1000-000000-80-0-0.jpg"
"fakemink","66219228","492882","https://www.last.fm/music/fakemink","https://cdn-images.dzcdn.net/images/artist/0e77d602da00188af7c669e9f0044c94/1000x1000-000000-80-0-0.jpg"
"Electric Light Orchestra","78411274","3016172","https://www.last.fm/music/Electric+Light+Orchestra","https://cdn-images.dzcdn.net/images/artist/68b59e3a1229ad5f04a65b767db01439/1000x1000-000000-80-0-0.jpg"
"Avenged Sevenfold","238226982","2887941","https://www.last.fm/music/Avenged+Sevenfold","https://cdn-images.dzcdn.net/images/artist/6577dccc570c0c95fbcf09c7bf66cbbe/1000x1000-000000-80-0-0.jpg"
"Massive Attack","189517914","3896501","https://www.last.fm/music/Massive+Attack","https://cdn-images.dzcdn.net/images/artist/3bfbf74ea27b926ba5376ea381f51d0b/1000x1000-000000-80-0-0.jpg"
"Timbaland","65416654","3595706","https://www.last.fm/music/Timbaland","https://cdn-images.dzcdn.net/images/artist/6e0c9bc17bf9abc30181d6c9a8ca1613/1000x1000-000000-80-0-0.jpg"
"Clean Bandit","51850121","2607707","https://www.last.fm/music/Clean+Bandit","https://cdn-images.dzcdn.net/images/artist/f305de60e321bbc56de18da0d6d63231/1000x1000-000000-80-0-0.jpg"
"Blondie","75569319","3465305","https://www.last.fm/music/Blondie","https://cdn-images.dzcdn.net/images/artist/b70e19feb83c794c394db4a14283ffe6/1000x1000-000000-80-0-0.jpg"
"XG","66766980","854772","https://www.last.fm/music/XG","https://cdn-images.dzcdn.net/images/artist/a805611ba42c3c9bb98353b3227ae6a6/1000x1000-000000-80-0-0.jpg"
"VACATIONS","71143479","1920801","https://www.last.fm/music/VACATIONS","https://cdn-images.dzcdn.net/images/artist/3617585c31b61074fb9c86339d52fa13/1000x1000-000000-80-0-0.jpg"
"Måneskin","103145469","1898144","https://www.last.fm/music/M%C3%A5neskin","https://cdn-images.dzcdn.net/images/artist/b5ee25137476918b7660f80529981436/1000x1000-000000-80-0-0.jpg"
"Foster the People","119951325","3758850","https://www.last.fm/music/Foster+the+People","https://cdn-images.dzcdn.net/images/artist/fe79e60f3beec07d6ab8bd6b3bf033e0/1000x1000-000000-80-0-0.jpg"
"Thundercat","78986043","2071958","https://www.last.fm/music/Thundercat","https://cdn-images.dzcdn.net/images/artist/b2860b5439b003147cbe69c85135d484/1000x1000-000000-80-0-0.jpg"
"Jamiroquai","106796029","2927580","https://www.last.fm/music/Jamiroquai","https://cdn-images.dzcdn.net/images/artist/52ab5f957bccfbea91d6c434c173a761/1000x1000-000000-80-0-0.jpg"
"The All-American Rejects","87805167","3339659","https://www.last.fm/music/The+All-American+Rejects","https://cdn-images.dzcdn.net/images/artist/b981eb76c1fa84f70612deb2a5542d94/1000x1000-000000-80-0-0.jpg"
"Fred again..","68948340","1325258","https://www.last.fm/music/Fred+again..","https://cdn-images.dzcdn.net/images/artist/f49a21212bfea7814ecb21096ccb0007/1000x1000-000000-80-0-0.jpg"
"Carly Rae Jepsen","157087720","3053752","https://www.last.fm/music/Carly+Rae+Jepsen","https://cdn-images.dzcdn.net/images/artist/537273948f5d7a2bce98897703330ca0/1000x1000-000000-80-0-0.jpg"
"Natasha Bedingfield","44480322","3053139","https://www.last.fm/music/Natasha+Bedingfield","https://cdn-images.dzcdn.net/images/artist/e7dcb01cb5c448d12ae1768cabd52eae/1000x1000-000000-80-0-0.jpg"
"NMIXX","89829258","761860","https://www.last.fm/music/NMIXX","https://cdn-images.dzcdn.net/images/artist/13d4419030704aaf57bcf6438e71f425/1000x1000-000000-80-0-0.jpg"
"P!nk","124384425","3795197","https://www.last.fm/music/P%21nk","https://cdn-images.dzcdn.net/images/artist/429e67544862ed2b4c820a02acc24ad1/1000x1000-000000-80-0-0.jpg"
"ADÉLA","16911055","422308","https://www.last.fm/music/AD%C3%89LA","https://cdn-images.dzcdn.net/images/artist/e1fff1a95a6c7058a74b3c07b35c0042/1000x1000-000000-80-0-0.jpg"
"Current Joys","68224079","1777967","https://www.last.fm/music/Current+Joys","https://cdn-images.dzcdn.net/images/artist/5890d003f9365b8ac1800fd39b21eb11/1000x1000-000000-80-0-0.jpg"
"DJ Khaled","62305293","2898824","https://www.last.fm/music/DJ+Khaled","https://cdn-images.dzcdn.net/images/artist/c9157de87a18015b5a898cf4d0d867d8/1000x1000-000000-80-0-0.jpg"
"Denzel Curry","157236016","1644457","https://www.last.fm/music/Denzel+Curry","https://cdn-images.dzcdn.net/images/artist/f0d047c02138800e4921a46f4b72f995/1000x1000-000000-80-0-0.jpg"
"Lykke Li","98994406","3181665","https://www.last.fm/music/Lykke+Li","https://cdn-images.dzcdn.net/images/artist/0d776174915264017bbdd9d7243251a2/1000x1000-000000-80-0-0.jpg"
"d4vd","117091142","2328079","https://www.last.fm/music/d4vd","https://cdn-images.dzcdn.net/images/artist/3d60604ff37c33f1ce9ee3755959d592/1000x1000-000000-80-0-0.jpg"
"Destroy Lonely","196066005","915431","https://www.last.fm/music/Destroy+Lonely","https://cdn-images.dzcdn.net/images/artist/b116e1ed64edd4128dd38928ada8f639/1000x1000-000000-80-0-0.jpg"
"J Balvin","65820340","1870495","https://www.last.fm/music/J+Balvin","https://cdn-images.dzcdn.net/images/artist/325eaa46bc25052d0e3d549d60cc8225/1000x1000-000000-80-0-0.jpg"
"Fetty Wap","34683873","1740595","https://www.last.fm/music/Fetty+Wap","https://cdn-images.dzcdn.net/images/artist/6554aa6290d0d53a74f0b3a1112bbe1f/1000x1000-000000-80-0-0.jpg"
"Franz Ferdinand","181360575","4898061","https://www.last.fm/music/Franz+Ferdinand","https://cdn-images.dzcdn.net/images/artist/0312c5b8e0c0f9ac7b0c4a1dfbd21d4e/1000x1000-000000-80-0-0.jpg"
"Steely Dan","76208235","1800254","https://www.last.fm/music/Steely+Dan","https://cdn-images.dzcdn.net/images/artist/41a4d9469237eca90e63d2076360daa8/1000x1000-000000-80-0-0.jpg"
"Rex Orange County","126338663","2068832","https://www.last.fm/music/Rex+Orange+County","https://cdn-images.dzcdn.net/images/artist/d640af51d068ce141a291ddb86ade27b/1000x1000-000000-80-0-0.jpg"
"Bon Jovi","125949707","4280669","https://www.last.fm/music/Bon+Jovi","https://cdn-images.dzcdn.net/images/artist/3ebdb0ff80286da236109a0fc79d0cb5/1000x1000-000000-80-0-0.jpg"
"Agust D","612983311","880811","https://www.last.fm/music/Agust+D","https://cdn-images.dzcdn.net/images/artist/50807411a23da11d093d5ff32a47332d/1000x1000-000000-80-0-0.jpg"
"¥$","81992423","1496511","https://www.last.fm/music/%C2%A5$","https://cdn-images.dzcdn.net/images/artist/3e4b8ac499234eb020ead8b72e18c2f0/1000x1000-000000-80-0-0.jpg"
"The Clash","154552963","4171649","https://www.last.fm/music/The+Clash","https://cdn-images.dzcdn.net/images/artist/82a5fe6ba783cf618d5394ae0b8129b9/1000x1000-000000-80-0-0.jpg"
"bbno$","71500006","1537326","https://www.last.fm/music/bbno$","https://cdn-images.dzcdn.net/images/artist/7305e2ff14b206fb9471124ee4e5a07c/1000x1000-000000-80-0-0.jpg"
"The Beach Boys","165923842","4139059","https://www.last.fm/music/The+Beach+Boys","https://cdn-images.dzcdn.net/images/artist/d728129020af9a9f9b2f1127d3cfd751/1000x1000-000000-80-0-0.jpg"
"Earth, Wind & Fire","50007282","2981806","https://www.last.fm/music/Earth,+Wind+&+Fire","https://cdn-images.dzcdn.net/images/artist/0be4c99a97b1073be467961c5d02acc6/1000x1000-000000-80-0-0.jpg"
"G-Eazy","56943009","2108164","https://www.last.fm/music/G-Eazy","https://cdn-images.dzcdn.net/images/artist/7aefb7c297e45f7bea82cf0c2d34120d/1000x1000-000000-80-0-0.jpg"
"Lil Nas X","116779048","2686161","https://www.last.fm/music/Lil+Nas+X","https://cdn-images.dzcdn.net/images/artist/0f5f0e176c544db5f89b5cd837e279aa/1000x1000-000000-80-0-0.jpg"
"No Doubt","85429480","3625775","https://www.last.fm/music/No+Doubt","https://cdn-images.dzcdn.net/images/artist/48ec84474b37a0677d7375f7bf10d78a/1000x1000-000000-80-0-0.jpg"
"Jimin","813986192","912657","https://www.last.fm/music/Jimin","https://cdn-images.dzcdn.net/images/artist/aecaa408945625f236602bf82656d3e8/1000x1000-000000-80-0-0.jpg"
"New Order","119379251","3189402","https://www.last.fm/music/New+Order","https://cdn-images.dzcdn.net/images/artist/1579c1b8f3abc354cbb3ed63cda19b55/1000x1000-000000-80-0-0.jpg"
"Rammstein","322119743","3136706","https://www.last.fm/music/Rammstein","https://cdn-images.dzcdn.net/images/artist/f22cac6a41e838f54d2c7b4ea47b5f94/1000x1000-000000-80-0-0.jpg"
"Sleeping With Sirens","78322016","1212866","https://www.last.fm/music/Sleeping+With+Sirens","https://cdn-images.dzcdn.net/images/artist/7664fa13f400718a0f6de5182f730c76/1000x1000-000000-80-0-0.jpg"
"Ne-Yo","65230275","3385469","https://www.last.fm/music/Ne-Yo","https://cdn-images.dzcdn.net/images/artist/cc3aabafca2130a5415489d85bb0e26d/1000x1000-000000-80-0-0.jpg"
"Rauw Alejandro","93727338","1127385","https://www.last.fm/music/Rauw+Alejandro","https://cdn-images.dzcdn.net/images/artist/0e7b2b93b91789a054bc3f08bb3df3a8/1000x1000-000000-80-0-0.jpg"
"Summer Walker","110313142","1751188","https://www.last.fm/music/Summer+Walker","https://cdn-images.dzcdn.net/images/artist/986786f971b3ce755da272982632092b/1000x1000-000000-80-0-0.jpg"
"BROCKHAMPTON","196131065","1689016","https://www.last.fm/music/BROCKHAMPTON","https://cdn-images.dzcdn.net/images/artist/006fc8169aca00baa8120ebeef15005d/1000x1000-000000-80-0-0.jpg"
"Yung Lean","165407814","1340842","https://www.last.fm/music/Yung+Lean","https://cdn-images.dzcdn.net/images/artist/05cf655c2c15407e544e69e2491be43b/1000x1000-000000-80-0-0.jpg"
"Swedish House Mafia","55044320","2743244","https://www.last.fm/music/Swedish+House+Mafia","https://cdn-images.dzcdn.net/images/artist/bae3a6abb59c25a18a2a84d1700527bf/1000x1000-000000-80-0-0.jpg"
"Jhené Aiko","72646565","1409995","https://www.last.fm/music/Jhen%C3%A9+Aiko","https://cdn-images.dzcdn.net/images/artist/9c336a353852d62e2664f2df3461b052/1000x1000-000000-80-0-0.jpg"
"Joey Bada$$","115818967","1767710","https://www.last.fm/music/Joey+Bada$$","https://cdn-images.dzcdn.net/images/artist/d1be00d41334b5939bbd79fc0c2d871d/1000x1000-000000-80-0-0.jpg"
"Alicia Keys","102968170","4233571","https://www.last.fm/music/Alicia+Keys","https://cdn-images.dzcdn.net/images/artist/a93317808f3d049e5abe7cf72ffe786f/1000x1000-000000-80-0-0.jpg"
"The Living Tombstone","54592231","1342186","https://www.last.fm/music/The+Living+Tombstone","https://cdn-images.dzcdn.net/images/artist/1f20806019d4e615e3201aee4a056bb6/1000x1000-000000-80-0-0.jpg"
"YoungBoy Never Broke Again","178762510","1157457","https://www.last.fm/music/YoungBoy+Never+Broke+Again","https://cdn-images.dzcdn.net/images/artist/d8d4dbdd6d5eb10491c8dc3b5370ae7e/1000x1000-000000-80-0-0.jpg"
"Paul McCartney","87945280","3305419","https://www.last.fm/music/Paul+McCartney","https://cdn-images.dzcdn.net/images/artist/870984f223d5311f04e7791732a9f366/1000x1000-000000-80-0-0.jpg"
"Phantogram","49809842","1988738","https://www.last.fm/music/Phantogram","https://cdn-images.dzcdn.net/images/artist/1957a9af81882046ee16172bb53b1153/1000x1000-000000-80-0-0.jpg"
"KAROL G","77091082","1461432","https://www.last.fm/music/KAROL+G","https://cdn-images.dzcdn.net/images/artist/dd8c6b3068d2761955eb6e432046ed91/1000x1000-000000-80-0-0.jpg"
"RM","542017976","822129","https://www.last.fm/music/RM","https://cdn-images.dzcdn.net/images/artist/5e37adcbc6d91287a275fb6c1fd2ed9e/1000x1000-000000-80-0-0.jpg"
"Mark Ronson","51372625","3128617","https://www.last.fm/music/Mark+Ronson","https://cdn-images.dzcdn.net/images/artist/cacdbfdf5fa8c600eadc3e1c2b6ac8c8/1000x1000-000000-80-0-0.jpg"
"Kylie Minogue","176352065","3563666","https://www.last.fm/music/Kylie+Minogue","https://cdn-images.dzcdn.net/images/artist/7d7a057ebe01bb41f33f677d4d76955b/1000x1000-000000-80-0-0.jpg"
"Chris Rainbow","3730435","362914","https://www.last.fm/music/Chris+Rainbow","https://cdn-images.dzcdn.net/images/artist/a71db305c1e5d0739cd15686f7789454/1000x1000-000000-80-0-0.jpg"
"Omar Apollo","66004632","1522745","https://www.last.fm/music/Omar+Apollo","https://cdn-images.dzcdn.net/images/artist/2806d34fdf6232d9cbd47ce41c78c7e9/1000x1000-000000-80-0-0.jpg"
"Zach Bryan","138297470","1214371","https://www.last.fm/music/Zach+Bryan","https://cdn-images.dzcdn.net/images/artist/552d448a0c2cb72f40c3de3a384949bd/1000x1000-000000-80-0-0.jpg"
"Surf Curse","46824387","2047973","https://www.last.fm/music/Surf+Curse","https://cdn-images.dzcdn.net/images/artist/12552fd7f0d6a47c6eab6481ab9b1c2e/1000x1000-000000-80-0-0.jpg"
"Artemas","56953809","1636994","https://www.last.fm/music/Artemas","https://cdn-images.dzcdn.net/images/artist/6f557a91c8294fe5d555a1bf6135cb02/1000x1000-000000-80-0-0.jpg"
"Dean Blunt","74223727","966000","https://www.last.fm/music/Dean+Blunt","https://cdn-images.dzcdn.net/images/artist/79db9360b51fed642a70518a1626d07f/1000x1000-000000-80-0-0.jpg"
"Jane Remover","60649050","558634","https://www.last.fm/music/Jane+Remover","https://cdn-images.dzcdn.net/images/artist/ebd6b5e5a0b0f178163005de1869767b/1000x1000-000000-80-0-0.jpg"
"Alex Warren","30725994","1002864","https://www.last.fm/music/Alex+Warren","https://cdn-images.dzcdn.net/images/artist/5e9ac8512aad2b855870e9824b2d51e0/1000x1000-000000-80-0-0.jpg"
"KAYTRANADA","77094660","1588058","https://www.last.fm/music/KAYTRANADA","https://cdn-images.dzcdn.net/images/artist/419700a883e298d30cfbada1fabda5a1/1000x1000-000000-80-0-0.jpg"
"underscores","39586822","562345","https://www.last.fm/music/underscores","https://cdn-images.dzcdn.net/images/artist/30a62c4adfc14aa4d8ddbc21c4690d27/1000x1000-000000-80-0-0.jpg"
"The Script","76876006","3014222","https://www.last.fm/music/The+Script","https://cdn-images.dzcdn.net/images/artist/8bc6232e182510401823e782c19ca0e7/1000x1000-000000-80-0-0.jpg"
"Chevelle","62320232","1871597","https://www.last.fm/music/Chevelle","https://cdn-images.dzcdn.net/images/artist/41f41e5899f74d5a3732aa37d0aadc5e/1000x1000-000000-80-0-0.jpg"
"HUNTR/X","42998090","1192742","https://www.last.fm/music/HUNTR%2FX","https://cdn-images.dzcdn.net/images/artist/131e4e97636af9fb65728f8d367cd2b2/1000x1000-000000-80-0-0.jpg"
"Daddy Yankee","52753160","2272724","https://www.last.fm/music/Daddy+Yankee","https://cdn-images.dzcdn.net/images/artist/a4f77d40d68cf544e74883b2bd904fce/1000x1000-000000-80-0-0.jpg"
"Jordana","29426965","1316495","https://www.last.fm/music/Jordana","https://cdn-images.dzcdn.net/images/artist/e423d0d3301041ca427404dd9a5d8c0f/1000x1000-000000-80-0-0.jpg"
"Jin","827241414","852762","https://www.last.fm/music/Jin","https://cdn-images.dzcdn.net/images/artist/ec3538c5d1342c6fbb7fa387d20295cd/1000x1000-000000-80-0-0.jpg"
"Kelly Clarkson","132945589","4536673","https://www.last.fm/music/Kelly+Clarkson","https://cdn-images.dzcdn.net/images/artist/9f4f6890ab265a4f2f2b8dc5ac006910/1000x1000-000000-80-0-0.jpg"
"Jason Derulo","61603289","3150873","https://www.last.fm/music/Jason+Derulo","https://cdn-images.dzcdn.net/images/artist/955a40075bfd5d5501f266bd0cc79381/1000x1000-000000-80-0-0.jpg"
"boygenius","101868590","1165711","https://www.last.fm/music/boygenius","https://cdn-images.dzcdn.net/images/artist/fb370b7f0b00cc0c65bd91af16b1f51a/1000x1000-000000-80-0-0.jpg"
"Jennifer Lopez","73247005","3822228","https://www.last.fm/music/Jennifer+Lopez","https://cdn-images.dzcdn.net/images/artist/2fa1c95948cf111e38aed58b64b49556/1000x1000-000000-80-0-0.jpg"
"Sam Fender","48372006","873831","https://www.last.fm/music/Sam+Fender","https://cdn-images.dzcdn.net/images/artist/7eab20a56279d7fa93637d784c13e749/1000x1000-000000-80-0-0.jpg"
"Wiz Khalifa","89590383","3924152","https://www.last.fm/music/Wiz+Khalifa","https://cdn-images.dzcdn.net/images/artist/a1dc970ad2ad6afa42580c692b8a8a8d/1000x1000-000000-80-0-0.jpg"
"Pantera","135111355","2641317","https://www.last.fm/music/Pantera","https://cdn-images.dzcdn.net/images/artist/f4ee6ca8f9cd27a944de0476776fee50/1000x1000-000000-80-0-0.jpg"
"Car Seat Headrest","173856220","1386147","https://www.last.fm/music/Car+Seat+Headrest","https://cdn-images.dzcdn.net/images/artist/22b3661ef2ee02489d77a80f1cb633e3/1000x1000-000000-80-0-0.jpg"
"Bob Marley & The Wailers","127553178","3511777","https://www.last.fm/music/Bob+Marley+&+The+Wailers","https://cdn-images.dzcdn.net/images/artist/c8241e15efdefa9465c7b470643efb3b/1000x1000-000000-80-0-0.jpg"
"F3miii","1851794","238719","https://www.last.fm/music/F3miii","https://cdn-images.dzcdn.net/images/artist/a149bc4b247bbc8d8c2096e5124dbaef/1000x1000-000000-80-0-0.jpg"
"Givēon","29004487","745994","https://www.last.fm/music/Giv%C4%93on","https://cdn-images.dzcdn.net/images/artist/ed28a8c3779e98280ebfb7a581f214d3/1000x1000-000000-80-0-0.jpg"
"R.E.M.","156847635","4390625","https://www.last.fm/music/R.E.M.","https://cdn-images.dzcdn.net/images/artist/3a7f353f78c9a2cb48c50ea554d877d7/1000x1000-000000-80-0-0.jpg"
"Vance Joy","50635699","2469217","https://www.last.fm/music/Vance+Joy","https://cdn-images.dzcdn.net/images/artist/7193e13dea1bf3dfd91bf84005bebacf/1000x1000-000000-80-0-0.jpg"
"B.o.B","47626847","3231006","https://www.last.fm/music/B.o.B","https://cdn-images.dzcdn.net/images/artist/6a338538b8c4db7fadb26abe941c9df3/1000x1000-000000-80-0-0.jpg"
"Geese","42179253","571736","https://www.last.fm/music/Geese","https://cdn-images.dzcdn.net/images/artist/12bdd82dca27fa26ec5185d7c3b41342/1000x1000-000000-80-0-0.jpg"
"Temper City","1675595","240709","https://www.last.fm/music/Temper+City","https://cdn-images.dzcdn.net/images/artist/27b7a29842a30e68a4380b7fe332b6e1/1000x1000-000000-80-0-0.jpg"
"George Harrison","71886959","2491714","https://www.last.fm/music/George+Harrison","https://cdn-images.dzcdn.net/images/artist/223b38c75f80f6ac7783483dc32a94b5/1000x1000-000000-80-0-0.jpg"
"V","739253401","953760","https://www.last.fm/music/V","https://cdn-images.dzcdn.net/images/artist/05fd625841ae1d4c40e010405171a818/1000x1000-000000-80-0-0.jpg"
"3OH!3","57030762","1960108","https://www.last.fm/music/3OH%213","https://cdn-images.dzcdn.net/images/artist/1853a5af0d6b27f01f8e2fd56ac3312d/1000x1000-000000-80-0-0.jpg"
"George Michael","58350858","3266922","https://www.last.fm/music/George+Michael","https://cdn-images.dzcdn.net/images/artist/4dda8cb6478e01df479cc4b01ce534d4/1000x1000-000000-80-0-0.jpg"
"Tool","231612526","2634657","https://www.last.fm/music/Tool","https://cdn-images.dzcdn.net/images/artist/4b44a5f85c132844a16417dfa361c3b3/1000x1000-000000-80-0-0.jpg"
"The Long Faces","6777692","375609","https://www.last.fm/music/The+Long+Faces","https://cdn-images.dzcdn.net/images/artist/6e1b4c71257cd5aa40299b2c583bfb77/1000x1000-000000-80-0-0.jpg"
"John Lennon","86728702","4097990","https://www.last.fm/music/John+Lennon","https://cdn-images.dzcdn.net/images/artist/ef6244c655e8cbe91eeb56bb6f934176/1000x1000-000000-80-0-0.jpg"
"Jack Harlow","80218652","1874967","https://www.last.fm/music/Jack+Harlow","https://cdn-images.dzcdn.net/images/artist/acf97ceb30d48a97e47afd1c3f9b68ce/1000x1000-000000-80-0-0.jpg"
"Sean Kingston","29595263","2833662","https://www.last.fm/music/Sean+Kingston","https://cdn-images.dzcdn.net/images/artist/09fc1c77eeae26c51264f839033274bb/1000x1000-000000-80-0-0.jpg"
"Akon","62563857","3764420","https://www.last.fm/music/Akon","https://cdn-images.dzcdn.net/images/artist/2b0f21d5b1c6d7a674d9a60d4a6207b2/1000x1000-000000-80-0-0.jpg"
"Bella Kay","8215161","354576","https://www.last.fm/music/Bella+Kay","https://cdn-images.dzcdn.net/images/artist/15f02c5e597735ead499bf898e9828df/1000x1000-000000-80-0-0.jpg"
"The Doors","230157744","4743936","https://www.last.fm/music/The+Doors","https://cdn-images.dzcdn.net/images/artist/94d0bdcebb2840d36ccf63e9edde540a/1000x1000-000000-80-0-0.jpg"
"Bon Iver","239764886","3573885","https://www.last.fm/music/Bon+Iver","https://cdn-images.dzcdn.net/images/artist/6edd41ee3cd3005077e07647242fb238/1000x1000-000000-80-0-0.jpg"
"Lily Allen","132186574","3792034","https://www.last.fm/music/Lily+Allen","https://cdn-images.dzcdn.net/images/artist/e81ce794d0142014ca2c6a5da49e4143/1000x1000-000000-80-0-0.jpg"
"Stone Temple Pilots","75268741","2522662","https://www.last.fm/music/Stone+Temple+Pilots","https://cdn-images.dzcdn.net/images/artist/a33898522587a8e6bb627481ff34f739/1000x1000-000000-80-0-0.jpg"
"She & Him","49716165","1798219","https://www.last.fm/music/She+&+Him","https://cdn-images.dzcdn.net/images/artist/461cf39d4e30a856b77462b2f16e28b8/1000x1000-000000-80-0-0.jpg"
"Elvis Presley","152692008","4522128","https://www.last.fm/music/Elvis+Presley","https://cdn-images.dzcdn.net/images/artist/935d35a45e061e7640a0becfa42cef6e/1000x1000-000000-80-0-0.jpg"
"All Time Low","146622544","2593697","https://www.last.fm/music/All+Time+Low","https://cdn-images.dzcdn.net/images/artist/3f73c5dded7afe2037a60bd82be48b4f/1000x1000-000000-80-0-0.jpg"
"Yena","24813199","520279","https://www.last.fm/music/Yena","https://cdn-images.dzcdn.net/images/artist/deac44048280efd15021b0741154e444/1000x1000-000000-80-0-0.jpg"
"JID","106923637","1399309","https://www.last.fm/music/JID","https://cdn-images.dzcdn.net/images/artist/beda34bc7e3dc93afb1d1fa38f42dbd7/1000x1000-000000-80-0-0.jpg"
"ROLE MODEL","55302402","1061663","https://www.last.fm/music/ROLE+MODEL","https://cdn-images.dzcdn.net/images/artist/5b8e13daa2e97f024585ca05e763ce1a/1000x1000-000000-80-0-0.jpg"
"Bruce Springsteen","151780019","3591958","https://www.last.fm/music/Bruce+Springsteen","https://cdn-images.dzcdn.net/images/artist/7003fc8e2a26471a8bf000b10eff8698/1000x1000-000000-80-0-0.jpg"
"Exo","169582641","1080665","https://www.last.fm/music/Exo","https://cdn-images.dzcdn.net/images/artist/f2fa89ff99805404c7443bed2bcc3c71/1000x1000-000000-80-0-0.jpg"
"Nas","141580942","3391799","https://www.last.fm/music/Nas","https://cdn-images.dzcdn.net/images/artist/f6e4f9d1f6be43c36339a9a96dcee725/1000x1000-000000-80-0-0.jpg"
"Rosé","106611790","1699663","https://www.last.fm/music/Ros%C3%A9","https://cdn-images.dzcdn.net/images/artist/dca80c50292476001830d88019cdd2f2/1000x1000-000000-80-0-0.jpg"
"Toby Fox","162611725","1225944","https://www.last.fm/music/Toby+Fox","https://cdn-images.dzcdn.net/images/artist/fc346b96e27af180122e59d2517de00a/1000x1000-000000-80-0-0.jpg"
"Thee Sacred Souls","30363761","1222359","https://www.last.fm/music/Thee+Sacred+Souls","https://cdn-images.dzcdn.net/images/artist/a371bd9283af7f3e8e0291259c99d350/1000x1000-000000-80-0-0.jpg"
"Lauv","78916010","1802239","https://www.last.fm/music/Lauv","https://cdn-images.dzcdn.net/images/artist/487f1e3bd864cfc040bbe5318fc383ea/1000x1000-000000-80-0-0.jpg"
"DaBaby","56205551","1533221","https://www.last.fm/music/DaBaby","https://cdn-images.dzcdn.net/images/artist/0570f0dde1e2a1121d8da9b2664a3ad7/1000x1000-000000-80-0-0.jpg"
"Selena Gomez & the Scene","56300147","2541810","https://www.last.fm/music/Selena+Gomez+&+the+Scene","https://cdn-images.dzcdn.net/images/artist/657e97bc7f3e0a3c3f5aa2b4a56e1f09/1000x1000-000000-80-0-0.jpg"
"Toto","56459169","3112586","https://www.last.fm/music/Toto","https://cdn-images.dzcdn.net/images/artist/613cf61a7a89b492cd2ebfa471f6d9eb/1000x1000-000000-80-0-0.jpg"
"Sonder","50671409","1078675","https://www.last.fm/music/Sonder","https://cdn-images.dzcdn.net/images/artist/4828cb3c848c485963a59ca0a673f5bb/1000x1000-000000-80-0-0.jpg"
"Audioslave","96089992","3339038","https://www.last.fm/music/Audioslave","https://cdn-images.dzcdn.net/images/artist/8def6b7696e114a5d059f2a1d5230c1c/1000x1000-000000-80-0-0.jpg"
"Aerosmith","131861048","4744494","https://www.last.fm/music/Aerosmith","https://cdn-images.dzcdn.net/images/artist/ccf17d65bed9b9809b556debb10fc3a3/1000x1000-000000-80-0-0.jpg"
"Kim Petras","96139137","1233133","https://www.last.fm/music/Kim+Petras","https://cdn-images.dzcdn.net/images/artist/0ed25ac85e35e620c0bf02dcbcae7878/1000x1000-000000-80-0-0.jpg"
"Mindless Self Indulgence","137227649","1546875","https://www.last.fm/music/Mindless+Self+Indulgence","https://cdn-images.dzcdn.net/images/artist/d2d5eaf908e1d6c60f61b7c7d1ed377a/1000x1000-000000-80-0-0.jpg"
"Cafuné","34048016","1514401","https://www.last.fm/music/Cafun%C3%A9","https://cdn-images.dzcdn.net/images/artist/8de5a2e7a3581d53dd81b6f5045d5221/1000x1000-000000-80-0-0.jpg"
"wifiskeleton","66776302","740836","https://www.last.fm/music/wifiskeleton","https://cdn-images.dzcdn.net/images/artist/1ff568bff8476a4b6f8bdaa1a1728c9c/1000x1000-000000-80-0-0.jpg"
"Freddie Gibbs","111922861","1308267","https://www.last.fm/music/Freddie+Gibbs","https://cdn-images.dzcdn.net/images/artist/d6b8027630bf2c2cd179d56724eeaae2/1000x1000-000000-80-0-0.jpg"
"M83","140955084","3551018","https://www.last.fm/music/M83","https://cdn-images.dzcdn.net/images/artist/afef558a59597f79b70ac26a332c4b90/1000x1000-000000-80-0-0.jpg"
"Christina Aguilera","208315946","4504383","https://www.last.fm/music/Christina+Aguilera","https://cdn-images.dzcdn.net/images/artist/3ccd1f43e9ff3cfd2f7dda86419414e7/1000x1000-000000-80-0-0.jpg"
"Hayley Williams","57219311","824472","https://www.last.fm/music/Hayley+Williams","https://cdn-images.dzcdn.net/images/artist/5db2e7f4e82e0ceb93b1f475a29569ab/1000x1000-000000-80-0-0.jpg"
"Portishead","143335230","3334928","https://www.last.fm/music/Portishead","https://cdn-images.dzcdn.net/images/artist/a78ec8e6fa844b473c4cea87b8ebfcf5/1000x1000-000000-80-0-0.jpg"
"Bad Omens","90179412","809711","https://www.last.fm/music/Bad+Omens","https://cdn-images.dzcdn.net/images/artist/8a185a7bd12ca20bb8d9e01ea699467d/1000x1000-000000-80-0-0.jpg"
"Ella Langley","9564136","390550","https://www.last.fm/music/Ella+Langley","https://cdn-images.dzcdn.net/images/artist/77aa9c0c9d9789bb43151a3882166d20/1000x1000-000000-80-0-0.jpg"
"Neil Young","113080892","2748333","https://www.last.fm/music/Neil+Young","https://cdn-images.dzcdn.net/images/artist/bdcc1dcee778e55db22c7d0ab011f964/1000x1000-000000-80-0-0.jpg"
"Creed","58871473","2477350","https://www.last.fm/music/Creed","https://cdn-images.dzcdn.net/images/artist/eacd66907d224c44595227e898171669/1000x1000-000000-80-0-0.jpg"
"Hole","73712456","2139265","https://www.last.fm/music/Hole","https://cdn-images.dzcdn.net/images/artist/911fccc2d7787852d55a6bb8f422ce1f/1000x1000-000000-80-0-0.jpg"
"Joy Division","184461432","3395963","https://www.last.fm/music/Joy+Division","https://cdn-images.dzcdn.net/images/artist/e9ff49cafea704d23dd6bfcd7e31b1db/1000x1000-000000-80-0-0.jpg"
"Ninajirachi","19040058","421290","https://www.last.fm/music/Ninajirachi","https://cdn-images.dzcdn.net/images/artist/c4dc2676b8b1aa0c679d614deb66bcdf/1000x1000-000000-80-0-0.jpg"
"The White Stripes","199313178","4869402","https://www.last.fm/music/The+White+Stripes","https://cdn-images.dzcdn.net/images/artist/aa559e3743497b4433758c6709fb7a78/1000x1000-000000-80-0-0.jpg"
"t.A.T.u.","50329237","2286930","https://www.last.fm/music/t.A.T.u.","https://cdn-images.dzcdn.net/images/artist/142b3e24e944ce5bfdef38ea1f30f2e9/1000x1000-000000-80-0-0.jpg"
"Lenny Kravitz","54827954","3039290","https://www.last.fm/music/Lenny+Kravitz","https://cdn-images.dzcdn.net/images/artist/92aebe4cb6c6038df04b1b006ed372ad/1000x1000-000000-80-0-0.jpg"
"OsamaSon","123470602","456064","https://www.last.fm/music/OsamaSon","https://cdn-images.dzcdn.net/images/artist/7cc62ff8aa97ea0ac01868742073b6e2/1000x1000-000000-80-0-0.jpg"
"Falling in Reverse","70792678","1388051","https://www.last.fm/music/Falling+in+Reverse","https://cdn-images.dzcdn.net/images/artist/0d156d38a772589703669d9e5c2ac747/1000x1000-000000-80-0-0.jpg"
"C418","137869042","1459962","https://www.last.fm/music/C418","https://cdn-images.dzcdn.net/images/artist/9b76ec3fccb7b3831a9cccc2cae5036e/1000x1000-000000-80-0-0.jpg"
"The Mamas & the Papas","42862207","2731119","https://www.last.fm/music/The+Mamas+&+the+Papas","https://cdn-images.dzcdn.net/images/artist/8d0acdb7097ac8e606f392d003e5a672/1000x1000-000000-80-0-0.jpg"
"Offset","46938504","1485876","https://www.last.fm/music/Offset","https://cdn-images.dzcdn.net/images/artist/976f6f16492eb34ba3119f5db93839e6/1000x1000-000000-80-0-0.jpg"
"Ghost","160345925","1657011","https://www.last.fm/music/Ghost","https://cdn-images.dzcdn.net/images/artist/da23d5c8a0b40adefa6424ec4b357fd1/1000x1000-000000-80-0-0.jpg"
"Rage Against the Machine","163909208","4263075","https://www.last.fm/music/Rage+Against+the+Machine","https://cdn-images.dzcdn.net/images/artist/1550b258713b3a49cdde60de7757abf7/1000x1000-000000-80-0-0.jpg"
"The Pussycat Dolls","54988075","3301975","https://www.last.fm/music/The+Pussycat+Dolls","https://cdn-images.dzcdn.net/images/artist/210ee4f80afd4aa3e03c8ee59358a526/1000x1000-000000-80-0-0.jpg"
"Milky","3654269","453336","https://www.last.fm/music/Milky","https://cdn-images.dzcdn.net/images/artist/1a619a61c020a34c47734dc231ed7b41/1000x1000-000000-80-0-0.jpg"
"Sleep Token","162133849","856747","https://www.last.fm/music/Sleep+Token","https://cdn-images.dzcdn.net/images/artist/530a9539e6b159f1c70826292ae788f0/1000x1000-000000-80-0-0.jpg"
"Lynyrd Skynyrd","65036974","3301171","https://www.last.fm/music/Lynyrd+Skynyrd","https://cdn-images.dzcdn.net/images/artist/d5dfdbe7783133afa602a591bbe6c4e3/1000x1000-000000-80-0-0.jpg"
"Chris Isaak","33361454","2087319","https://www.last.fm/music/Chris+Isaak","https://cdn-images.dzcdn.net/images/artist/95c229dc21e296dcdfb44a9b483e882e/1000x1000-000000-80-0-0.jpg"
"Air","137983995","3242609","https://www.last.fm/music/Air","https://cdn-images.dzcdn.net/images/artist/3422c03685935024ad0db1607b74d18b/1000x1000-000000-80-0-0.jpg"
"Skrillex","110206410","3003366","https://www.last.fm/music/Skrillex","https://cdn-images.dzcdn.net/images/artist/0075f053766d7d0e12e4a7be22b85e6a/1000x1000-000000-80-0-0.jpg"
"Pharrell Williams","49198787","2760741","https://www.last.fm/music/Pharrell+Williams","https://cdn-images.dzcdn.net/images/artist/1267b8781c5bff065a20dca4a3c9fda7/1000x1000-000000-80-0-0.jpg"
"wave to earth","90107997","861718","https://www.last.fm/music/wave+to+earth","https://cdn-images.dzcdn.net/images/artist/a03e7b8de6446464c3798d3f5c4f6657/1000x1000-000000-80-0-0.jpg"
"ScHoolboy Q","81102224","2002298","https://www.last.fm/music/ScHoolboy+Q","https://cdn-images.dzcdn.net/images/artist/712254b1fdbf8ee516eb25cd991b9bae/1000x1000-000000-80-0-0.jpg"
"Lucy Bedroque","35008774","330392","https://www.last.fm/music/Lucy+Bedroque","https://cdn-images.dzcdn.net/images/artist/36d35e75074b05117a1c4bf9662340fc/1000x1000-000000-80-0-0.jpg"
"Labi Siffre","17940143","1054190","https://www.last.fm/music/Labi+Siffre","https://cdn-images.dzcdn.net/images/artist/9d3a60f6c03cefbec5ae41ff08ccbc43/1000x1000-000000-80-0-0.jpg"
"i-dle","19197240","527033","https://www.last.fm/music/i-dle","https://cdn-images.dzcdn.net/images/artist/0b381aacaf9b4c4c1b60664431c815bf/1000x1000-000000-80-0-0.jpg"
"Earl Sweatshirt","156000509","1588547","https://www.last.fm/music/Earl+Sweatshirt","https://cdn-images.dzcdn.net/images/artist/6b52a349bff96760f2ff3483634dedf4/1000x1000-000000-80-0-0.jpg"
"HIM","102670062","1735912","https://www.last.fm/music/HIM","https://cdn-images.dzcdn.net/images/artist/9483b910ac787fd89d35cc8913dedefb/1000x1000-000000-80-0-0.jpg"
"Odetari","66807190","1153799","https://www.last.fm/music/Odetari","https://cdn-images.dzcdn.net/images/artist/1a15213bb05ba95acc3c21ae909e862b/1000x1000-000000-80-0-0.jpg"
"Papa Roach","128215454","3713873","https://www.last.fm/music/Papa+Roach","https://cdn-images.dzcdn.net/images/artist/0552943ebc46bc507c72bcc2135b68b8/1000x1000-000000-80-0-0.jpg"
"Solange","65992994","1632460","https://www.last.fm/music/Solange","https://cdn-images.dzcdn.net/images/artist/31a1df0958eb91364551d611f9c8e69d/1000x1000-000000-80-0-0.jpg"
"Keane","118062109","4057606","https://www.last.fm/music/Keane","https://cdn-images.dzcdn.net/images/artist/213ee8aa14bc7b9ac86cebfadd2a6ee1/1000x1000-000000-80-0-0.jpg"
"JVKE","47498157","1638016","https://www.last.fm/music/JVKE","https://cdn-images.dzcdn.net/images/artist/fe9956048a0ed4df002c3c3efd7ae2a8/1000x1000-000000-80-0-0.jpg"
"Breaking Benjamin","136895407","2900855","https://www.last.fm/music/Breaking+Benjamin","https://cdn-images.dzcdn.net/images/artist/fbfe5fa355f1f81e67377385e9a2a9ad/1000x1000-000000-80-0-0.jpg"
"ITZY","138966427","1019758","https://www.last.fm/music/ITZY","https://cdn-images.dzcdn.net/images/artist/38460f309900778cc9972a997b8c4b00/1000x1000-000000-80-0-0.jpg"
"French Montana","30258943","2005013","https://www.last.fm/music/French+Montana","https://cdn-images.dzcdn.net/images/artist/b01031c9ce30ebb1a1b77d3472ce72e5/1000x1000-000000-80-0-0.jpg"
"ATEEZ","220031579","818125","https://www.last.fm/music/ATEEZ","https://cdn-images.dzcdn.net/images/artist/86bb7445e1dbb82abb7c60cf094cb4fb/1000x1000-000000-80-0-0.jpg"
"Cavetown","89473395","1653283","https://www.last.fm/music/Cavetown","https://cdn-images.dzcdn.net/images/artist/75a11215087b9952d40581c0c08e1eee/1000x1000-000000-80-0-0.jpg"
"The Lumineers","92629390","2592717","https://www.last.fm/music/The+Lumineers","https://cdn-images.dzcdn.net/images/artist/a0a4a39ed23545c446aa3e9a517504ea/1000x1000-000000-80-0-0.jpg"
"Matt Maltese","69623727","1756283","https://www.last.fm/music/Matt+Maltese","https://cdn-images.dzcdn.net/images/artist/ca78655e5babcb84572863547ae342b3/1000x1000-000000-80-0-0.jpg"
"keshi","134538209","1127519","https://www.last.fm/music/keshi","https://cdn-images.dzcdn.net/images/artist/c3ee7fec6ab103168f805c7a3f842554/1000x1000-000000-80-0-0.jpg"
"Third Eye Blind","54556695","2130191","https://www.last.fm/music/Third+Eye+Blind","https://cdn-images.dzcdn.net/images/artist/44361c90cf2071daea0afd1b035668d1/1000x1000-000000-80-0-0.jpg"
"Seventeen","291623155","959512","https://www.last.fm/music/Seventeen","https://cdn-images.dzcdn.net/images/artist/f24702900c1454ea23c573a3eed5b149/1000x1000-000000-80-0-0.jpg"
"Azealia Banks","82440595","1740667","https://www.last.fm/music/Azealia+Banks","https://cdn-images.dzcdn.net/images/artist/56610c1b40b648a4f917e7d18807d61f/1000x1000-000000-80-0-0.jpg"
"Ty Dolla $ign","31107611","1703430","https://www.last.fm/music/Ty+Dolla+$ign","https://cdn-images.dzcdn.net/images/artist/2ea9932e9a55c0250a8dc19d22bd48a2/1000x1000-000000-80-0-0.jpg"
"The Velvet Underground","131813270","3202456","https://www.last.fm/music/The+Velvet+Underground","https://cdn-images.dzcdn.net/images/artist/04692ede51ae79c1bc48acea2f644c9b/1000x1000-000000-80-0-0.jpg"
"Djavan","40443226","786411","https://www.last.fm/music/Djavan","https://cdn-images.dzcdn.net/images/artist/23662f5c0bcf47b301440545d88a663a/1000x1000-000000-80-0-0.jpg"
"Don Omar","35130499","1846623","https://www.last.fm/music/Don+Omar","https://cdn-images.dzcdn.net/images/artist/3edb52cebe741e547363a093e26d4655/1000x1000-000000-80-0-0.jpg"
"Dr. Dre","90724635","3986628","https://www.last.fm/music/Dr.+Dre","https://cdn-images.dzcdn.net/images/artist/5af98b093efb7b818e4e084621c76b85/1000x1000-000000-80-0-0.jpg"
"Duster","121084340","1618724","https://www.last.fm/music/Duster","https://cdn-images.dzcdn.net/images/artist/0275f0031c33d31f87d6eb98efd99e40/1000x1000-000000-80-0-0.jpg"
"The Verve","61280638","3396770","https://www.last.fm/music/The+Verve","https://cdn-images.dzcdn.net/images/artist/75f8103b1810e1f4bc70edb415b6cc39/1000x1000-000000-80-0-0.jpg"
"Modest Mouse","204133959","3435354","https://www.last.fm/music/Modest+Mouse","https://cdn-images.dzcdn.net/images/artist/38bfaafbc55e3e691b2830c47df29aff/1000x1000-000000-80-0-0.jpg"
"NLE Choppa","58795515","1499421","https://www.last.fm/music/NLE+Choppa","https://cdn-images.dzcdn.net/images/artist/604ee0a4d43be9c7de144f33b039db43/1000x1000-000000-80-0-0.jpg"
"Morgan Wallen","92805999","994982","https://www.last.fm/music/Morgan+Wallen","https://cdn-images.dzcdn.net/images/artist/75488d12757f5809b9e6c7f53e5bb455/1000x1000-000000-80-0-0.jpg"
"Leon Thomas","23327000","932478","https://www.last.fm/music/Leon+Thomas","https://cdn-images.dzcdn.net/images/artist/3c13469bb27fb3bf3facc945404addf5/1000x1000-000000-80-0-0.jpg"
"U2","231494933","5056063","https://www.last.fm/music/U2","https://cdn-images.dzcdn.net/images/artist/b2048721919a09c1f0b65387b1f4d0f0/1000x1000-000000-80-0-0.jpg"
"Feist","95530649","2759054","https://www.last.fm/music/Feist","https://cdn-images.dzcdn.net/images/artist/245c8c845885ebf050c0d0aba0bc15f4/1000x1000-000000-80-0-0.jpg"
"Journey","64024958","3282442","https://www.last.fm/music/Journey","https://cdn-images.dzcdn.net/images/artist/518ba69b281e105c07cca863e3b9a0cb/1000x1000-000000-80-0-0.jpg"
"Ice Cube","63264091","3230916","https://www.last.fm/music/Ice+Cube","https://cdn-images.dzcdn.net/images/artist/fed698ba00e781ff0064c34682762c32/1000x1000-000000-80-0-0.jpg"
"Destiny's Child","59689741","3412583","https://www.last.fm/music/Destiny%27s+Child","https://cdn-images.dzcdn.net/images/artist/c4df3f91071844856d335bacd4017696/1000x1000-000000-80-0-0.jpg"
"Pop Smoke","135691275","1584325","https://www.last.fm/music/Pop+Smoke","https://cdn-images.dzcdn.net/images/artist/ba0332d0d6755b6def09154da8d1736b/1000x1000-000000-80-0-0.jpg"
"mgk","40375993","1051707","https://www.last.fm/music/mgk","https://cdn-images.dzcdn.net/images/artist/120b8cdace018519109d162495103da8/1000x1000-000000-80-0-0.jpg"
"nettspend","85030044","471753","https://www.last.fm/music/nettspend","https://cdn-images.dzcdn.net/images/artist/402fdad7fe48b37eaef512681f4d5cb7/1000x1000-000000-80-0-0.jpg"
"Che","74256740","452804","https://www.last.fm/music/Che","https://cdn-images.dzcdn.net/images/artist/d41d8cd98f00b204e9800998ecf8427e/1000x1000-000000-80-0-0.jpg"
"Mike Posner","34259944","2566468","https://www.last.fm/music/Mike+Posner","https://cdn-images.dzcdn.net/images/artist/1de424f71aaf6f38f2df26c1c56008da/1000x1000-000000-80-0-0.jpg"
"Crowded House","32181210","2033682","https://www.last.fm/music/Crowded+House","https://cdn-images.dzcdn.net/images/artist/1f3674cdc90bfc1a2d01b91d281c445c/1000x1000-000000-80-0-0.jpg"
"Men at Work","27870458","2098338","https://www.last.fm/music/Men+at+Work","https://cdn-images.dzcdn.net/images/artist/b95e40edf91c2b4c1435a5566098e4ed/1000x1000-000000-80-0-0.jpg"
"Fergie","52268713","3485070","https://www.last.fm/music/Fergie","https://cdn-images.dzcdn.net/images/artist/8c7eeb690f1d616aff8a6a952260224f/1000x1000-000000-80-0-0.jpg"
"TLC","34358514","2723974","https://www.last.fm/music/TLC","https://cdn-images.dzcdn.net/images/artist/ba63238c2a33dd5ed1f44b165bbee945/1000x1000-000000-80-0-0.jpg"
"Icona Pop","28463676","2177817","https://www.last.fm/music/Icona+Pop","https://cdn-images.dzcdn.net/images/artist/02652234486bae9c3e80fd9cedf07d73/1000x1000-000000-80-0-0.jpg"
"Kiss","90142010","3242356","https://www.last.fm/music/Kiss","https://cdn-images.dzcdn.net/images/artist/d841e3ff7379c9272005e53f1c46f5b9/1000x1000-000000-80-0-0.jpg"
"Yeah Yeah Yeahs","135545818","4050860","https://www.last.fm/music/Yeah+Yeah+Yeahs","https://cdn-images.dzcdn.net/images/artist/474165e8b02acf8fd7d2aa19a08d7a6b/1000x1000-000000-80-0-0.jpg"
"blackbear","70862005","1798113","https://www.last.fm/music/blackbear","https://cdn-images.dzcdn.net/images/artist/ccab3933b9f0a7a58bdafb4d70599fcc/1000x1000-000000-80-0-0.jpg"
"Gym Class Heroes","46113188","2832039","https://www.last.fm/music/Gym+Class+Heroes","https://cdn-images.dzcdn.net/images/artist/e5273927b9e83a654b04a26656147695/1000x1000-000000-80-0-0.jpg"
"Ozzy Osbourne","96350908","3136958","https://www.last.fm/music/Ozzy+Osbourne","https://cdn-images.dzcdn.net/images/artist/e18bac5143c6764b58096640b7a93f06/1000x1000-000000-80-0-0.jpg"
"Estelle","24031541","2290740","https://www.last.fm/music/Estelle","https://cdn-images.dzcdn.net/images/artist/0f8be74182d22ac32c4ec3b7cda49a47/1000x1000-000000-80-0-0.jpg"
"Phil Collins","66141417","3260445","https://www.last.fm/music/Phil+Collins","https://cdn-images.dzcdn.net/images/artist/206b79a942ee278de023a9d3cd732f87/1000x1000-000000-80-0-0.jpg"
"Wolf Alice","59897756","1294159","https://www.last.fm/music/Wolf+Alice","https://cdn-images.dzcdn.net/images/artist/86b8c118b5eead4cc648395d1ca32260/1000x1000-000000-80-0-0.jpg"
"LCD Soundsystem","97595186","2470434","https://www.last.fm/music/LCD+Soundsystem","https://cdn-images.dzcdn.net/images/artist/49e43774b5c3dcdfa045eb371d8ad35a/1000x1000-000000-80-0-0.jpg"
"Tinashe","85604083","1633369","https://www.last.fm/music/Tinashe","https://cdn-images.dzcdn.net/images/artist/bbf3c9bfbaead9fdad4fdc8e9aecbbd2/1000x1000-000000-80-0-0.jpg"
"Modern Baseball","84431133","942556","https://www.last.fm/music/Modern+Baseball","https://cdn-images.dzcdn.net/images/artist/1540b2855f58aefbef2dc57020a9c9c3/1000x1000-000000-80-0-0.jpg"
"Incubus","171556939","3741192","https://www.last.fm/music/Incubus","https://cdn-images.dzcdn.net/images/artist/53ca004ab952f5b9328f45d71e4dbbe7/1000x1000-000000-80-0-0.jpg"
"Train","58669934","3403654","https://www.last.fm/music/Train","https://cdn-images.dzcdn.net/images/artist/dba281b87682fc5bacda66e35d611909/1000x1000-000000-80-0-0.jpg"
"Flo Milli","36255039","1314647","https://www.last.fm/music/Flo+Milli","https://cdn-images.dzcdn.net/images/artist/db4c9e92ebbb65eaca8d4f8ef5bf82d3/1000x1000-000000-80-0-0.jpg"
"Superheaven","28706962","969954","https://www.last.fm/music/Superheaven","https://cdn-images.dzcdn.net/images/artist/9b80f76f90d3b196e7d82be1cfa98a83/1000x1000-000000-80-0-0.jpg"
"Lit","14506388","1393767","https://www.last.fm/music/Lit","https://cdn-images.dzcdn.net/images/artist/adf746a66a1bdd41b62d7f1cf178e3a6/1000x1000-000000-80-0-0.jpg"
"Ado","84534659","711146","https://www.last.fm/music/Ado","https://cdn-images.dzcdn.net/images/artist/858e14d0f8ee062253851aaf3b31daef/1000x1000-000000-80-0-0.jpg"
"KiiiKiii","11705760","306717","https://www.last.fm/music/KiiiKiii","https://cdn-images.dzcdn.net/images/artist/066897aab804c1d9005263970a895208/1000x1000-000000-80-0-0.jpg"
"Type O Negative","75767103","1344551","https://www.last.fm/music/Type+O+Negative","https://cdn-images.dzcdn.net/images/artist/982cd0650b25aaebbfff971fa1b8ac4c/1000x1000-000000-80-0-0.jpg"
"Grouplove","40723173","2292236","https://www.last.fm/music/Grouplove","https://cdn-images.dzcdn.net/images/artist/c71fedf6c6107e6754cd6b7e35f129eb/1000x1000-000000-80-0-0.jpg"
"M.I.A.","103834573","3390841","https://www.last.fm/music/M.I.A.","https://cdn-images.dzcdn.net/images/artist/17ae0f96ad0312d31e3b241642fb0a08/1000x1000-000000-80-0-0.jpg"
"Wonder Girls","36499360","977747","https://www.last.fm/music/Wonder+Girls","https://cdn-images.dzcdn.net/images/artist/7bcb1a105a8394ecac80c91b19ce351d/1000x1000-000000-80-0-0.jpg"
"Benson Boone","46530917","1502770","https://www.last.fm/music/Benson+Boone","https://cdn-images.dzcdn.net/images/artist/d42a1e4edd66fe02080b59d90210bf40/1000x1000-000000-80-0-0.jpg"
"Ashnikko","66098415","1479067","https://www.last.fm/music/Ashnikko","https://cdn-images.dzcdn.net/images/artist/ad8eafa347ff11688a83f25fdffac4ce/1000x1000-000000-80-0-0.jpg"
"Little Mix","114444293","1862757","https://www.last.fm/music/Little+Mix","https://cdn-images.dzcdn.net/images/artist/1bd8ca24d1f47901dcfba27572d1444f/1000x1000-000000-80-0-0.jpg"
"Motionless in White","62313786","916159","https://www.last.fm/music/Motionless+in+White","https://cdn-images.dzcdn.net/images/artist/e0695a6a7b5591c786ee83b4efdd5949/1000x1000-000000-80-0-0.jpg"
"Janet Jackson","66826245","2301474","https://www.last.fm/music/Janet+Jackson","https://cdn-images.dzcdn.net/images/artist/2d2d36f89a7281fe0a8f6a5dd274505e/1000x1000-000000-80-0-0.jpg"
"Tiffany Day","12048474","371939","https://www.last.fm/music/Tiffany+Day","https://cdn-images.dzcdn.net/images/artist/3e7198da7b8ce9c0f86ea803cfca9965/1000x1000-000000-80-0-0.jpg"
"Sophie","49862210","1054676","https://www.last.fm/music/Sophie","https://cdn-images.dzcdn.net/images/artist/a9da19c2764aa312c3fb0a70ea74479b/1000x1000-000000-80-0-0.jpg"
"Whitney Houston","63376631","3253445","https://www.last.fm/music/Whitney+Houston","https://cdn-images.dzcdn.net/images/artist/7d7916383f536969db91430a2707d3c0/1000x1000-000000-80-0-0.jpg"
"Beach Weather","25700659","1423630","https://www.last.fm/music/Beach+Weather","https://cdn-images.dzcdn.net/images/artist/23bfb822f2cd3067bdd01de2b1c81d7d/1000x1000-000000-80-0-0.jpg"
"Aurora","90667279","1835937","https://www.last.fm/music/Aurora","https://cdn-images.dzcdn.net/images/artist/3597bce10bd3284fb54b04a89511dddf/1000x1000-000000-80-0-0.jpg"
"Ricky Montgomery","51989426","1353077","https://www.last.fm/music/Ricky+Montgomery","https://cdn-images.dzcdn.net/images/artist/1cd75217e2236a311e4285a7047eddd4/1000x1000-000000-80-0-0.jpg"
"Wisp","38208349","1078755","https://www.last.fm/music/Wisp","https://cdn-images.dzcdn.net/images/artist/0b300fde073a989cb19d535619191898/1000x1000-000000-80-0-0.jpg"
"Stromae","61332309","2046048","https://www.last.fm/music/Stromae","https://cdn-images.dzcdn.net/images/artist/3634186855460543a9476870a912a31a/1000x1000-000000-80-0-0.jpg"
"Gotye","53616890","3088577","https://www.last.fm/music/Gotye","https://cdn-images.dzcdn.net/images/artist/a392cee4a01fb5b601c9c9769f3dc9f5/1000x1000-000000-80-0-0.jpg"
"Jungle","54948113","1651630","https://www.last.fm/music/Jungle","https://cdn-images.dzcdn.net/images/artist/693efdefac1813e0f2b5143c1c13932c/1000x1000-000000-80-0-0.jpg"
"Sky Ferreira","50719713","1432210","https://www.last.fm/music/Sky+Ferreira","https://cdn-images.dzcdn.net/images/artist/b3e1e5fa96a87a484ccbf98a03886381/1000x1000-000000-80-0-0.jpg"
"Tiësto","69732919","2767300","https://www.last.fm/music/Ti%C3%ABsto","https://cdn-images.dzcdn.net/images/artist/b6ff15612b6ef51e5a552e4bd6abefd6/1000x1000-000000-80-0-0.jpg"
"BigXthaPlug","34208907","975327","https://www.last.fm/music/BigXthaPlug","https://cdn-images.dzcdn.net/images/artist/3f6d083ad4de06b9cab0c838083cc3fe/1000x1000-000000-80-0-0.jpg"
"The Rare Occasions","20548559","1238841","https://www.last.fm/music/The+Rare+Occasions","https://cdn-images.dzcdn.net/images/artist/650c4b7c3c2c62e944e7d2adce3a95cd/1000x1000-000000-80-0-0.jpg"
"The Backseat Lovers","43160935","1090763","https://www.last.fm/music/The+Backseat+Lovers","https://cdn-images.dzcdn.net/images/artist/8625a0a6654e9d6fadb81fa4071fa96c/1000x1000-000000-80-0-0.jpg"
"Jeremih","32816770","2236549","https://www.last.fm/music/Jeremih","https://cdn-images.dzcdn.net/images/artist/cda7422cb045dc510b7b623ea3046616/1000x1000-000000-80-0-0.jpg"
"Buckshot","14577431","410218","https://www.last.fm/music/Buckshot","https://cdn-images.dzcdn.net/images/artist/fc920308603f51925f9c77731c6afd8e/1000x1000-000000-80-0-0.jpg"
"Cults","55855439","2482193","https://www.last.fm/music/Cults","https://cdn-images.dzcdn.net/images/artist/2279ac1f8aa2b2c9e2863d015306df80/1000x1000-000000-80-0-0.jpg"
"FLO","34805367","614297","https://www.last.fm/music/FLO","https://cdn-images.dzcdn.net/images/artist/d62a818a5de6455f17b6a992cf22b32f/1000x1000-000000-80-0-0.jpg"
"Meek Mill","48502740","1793784","https://www.last.fm/music/Meek+Mill","https://cdn-images.dzcdn.net/images/artist/741cca5221a05446b21e3bbea0bb4dd1/1000x1000-000000-80-0-0.jpg"
"Neutral Milk Hotel","119738856","2258974","https://www.last.fm/music/Neutral+Milk+Hotel","https://cdn-images.dzcdn.net/images/artist/fe108feb840f04ff18b9942a64b16155/1000x1000-000000-80-0-0.jpg"
"Sum 41","156844710","3443544","https://www.last.fm/music/Sum+41","https://cdn-images.dzcdn.net/images/artist/4e050809d936853e333deb5331dbc476/1000x1000-000000-80-0-0.jpg"
"Skillet","84820468","2241855","https://www.last.fm/music/Skillet","https://cdn-images.dzcdn.net/images/artist/c0adce140c395fa36fb215b296028b81/1000x1000-000000-80-0-0.jpg"
"Martin Garrix","52323657","2104468","https://www.last.fm/music/Martin+Garrix","https://cdn-images.dzcdn.net/images/artist/4cab1c0cbe0edc1b3d2234873abc485e/1000x1000-000000-80-0-0.jpg"
"alt-J","119909169","2377822","https://www.last.fm/music/alt-J","https://cdn-images.dzcdn.net/images/artist/8978b7d51d532e30a2aa619c82f42540/1000x1000-000000-80-0-0.jpg"
"Girls' Generation","71673953","945148","https://www.last.fm/music/Girls%27+Generation","https://cdn-images.dzcdn.net/images/artist/8e2c5ba1fc6eba4a25d5d5e76b3b66e4/1000x1000-000000-80-0-0.jpg"
"Sixpence None the Richer","32148143","2377877","https://www.last.fm/music/Sixpence+None+the+Richer","https://cdn-images.dzcdn.net/images/artist/b20e07be25bc57a7acb2e67bcfc7ebb0/1000x1000-000000-80-0-0.jpg"
"Fuerza Regida","43795365","599423","https://www.last.fm/music/Fuerza+Regida","https://cdn-images.dzcdn.net/images/artist/171bf1e106d8a72d999146f6ace4ecc3/1000x1000-000000-80-0-0.jpg"
"Ms. Lauryn Hill","39432858","1431913","https://www.last.fm/music/Ms.+Lauryn+Hill","https://cdn-images.dzcdn.net/images/artist/9990ded54545c1489dfa7e393bc7ed26/1000x1000-000000-80-0-0.jpg"
"Nujabes","95261600","1207565","https://www.last.fm/music/Nujabes","https://cdn-images.dzcdn.net/images/artist/66061639b73edb7a01e8de7a1990eaa2/1000x1000-000000-80-0-0.jpg"
"Caroline Polachek","96505827","1104334","https://www.last.fm/music/Caroline+Polachek","https://cdn-images.dzcdn.net/images/artist/b88bb0f94458986d78685af32a328c68/1000x1000-000000-80-0-0.jpg"
"Neon Trees","35754184","2111921","https://www.last.fm/music/Neon+Trees","https://cdn-images.dzcdn.net/images/artist/e17dbc5b56f6bccb3cba471b9881a6b9/1000x1000-000000-80-0-0.jpg"
"Roar","41420405","1550160","https://www.last.fm/music/Roar","https://cdn-images.dzcdn.net/images/artist/022a229895ff9aca3ca67b7961823255/1000x1000-000000-80-0-0.jpg"
"The Jacksons","10931475","1213397","https://www.last.fm/music/The+Jacksons","https://cdn-images.dzcdn.net/images/artist/423303c663929b1cf490db40cfa1f539/1000x1000-000000-80-0-0.jpg"
"The Fray","98790791","3615472","https://www.last.fm/music/The+Fray","https://cdn-images.dzcdn.net/images/artist/2f9ec3cb9b7e327d3328e9db69d9df50/1000x1000-000000-80-0-0.jpg"
"She Wants Revenge","53216510","1427906","https://www.last.fm/music/She+Wants+Revenge","https://cdn-images.dzcdn.net/images/artist/65047d3188d6fce87000c379907cbc4d/1000x1000-000000-80-0-0.jpg"
"Reneé Rapp","83316492","1005318","https://www.last.fm/music/Rene%C3%A9+Rapp","https://cdn-images.dzcdn.net/images/artist/73b3d6cf34b93bf1ac5149a81bfab380/1000x1000-000000-80-0-0.jpg"
"Basement","35819126","1066622","https://www.last.fm/music/Basement","https://cdn-images.dzcdn.net/images/artist/8e22f71adadf0184b695aa5bd016e967/1000x1000-000000-80-0-0.jpg"
"Scorpions","89065326","2865096","https://www.last.fm/music/Scorpions","https://cdn-images.dzcdn.net/images/artist/e0be3d1b437f88084204c6b9b3be6600/1000x1000-000000-80-0-0.jpg"
"Jessie J","60509691","3102135","https://www.last.fm/music/Jessie+J","https://cdn-images.dzcdn.net/images/artist/a3bdd5018c0b557e1d740daac57f800a/1000x1000-000000-80-0-0.jpg"
"Flyleaf","67489408","1965678","https://www.last.fm/music/Flyleaf","https://cdn-images.dzcdn.net/images/artist/4a61c6d06a32824d9c6ede4b69e3561f/1000x1000-000000-80-0-0.jpg"
"King Von","62767150","1028150","https://www.last.fm/music/King+Von","https://cdn-images.dzcdn.net/images/artist/b09e4a95b142b80f4730ab0c64356e3c/1000x1000-000000-80-0-0.jpg"
"Rob Zombie","69750405","2315354","https://www.last.fm/music/Rob+Zombie","https://cdn-images.dzcdn.net/images/artist/0ed1272cac2b53098b088b165789434c/1000x1000-000000-80-0-0.jpg"
"Vince Staples","89286117","1420645","https://www.last.fm/music/Vince+Staples","https://cdn-images.dzcdn.net/images/artist/52c68f84bdb34d5e43cda73c0c458931/1000x1000-000000-80-0-0.jpg"
"Nelly","42712097","3481897","https://www.last.fm/music/Nelly","https://cdn-images.dzcdn.net/images/artist/dc43f109ef8abdcfe23c1894ac1d54ce/1000x1000-000000-80-0-0.jpg"
"NandaTsunami","10486704","224431","https://www.last.fm/music/NandaTsunami","https://cdn-images.dzcdn.net/images/artist/285c7290151cb2610ef5d3afaf62ce1a/1000x1000-000000-80-0-0.jpg"
"Kacey Musgraves","70705874","1160082","https://www.last.fm/music/Kacey+Musgraves","https://cdn-images.dzcdn.net/images/artist/229fe42ffc5b16b51112ffee967453e1/1000x1000-000000-80-0-0.jpg"
"Jorge Ben Jor","47164914","869195","https://www.last.fm/music/Jorge+Ben+Jor","https://cdn-images.dzcdn.net/images/artist/286f47429fd6072dc1a4c4203e373f9f/1000x1000-000000-80-0-0.jpg"
"Central Cee","60286667","1335977","https://www.last.fm/music/Central+Cee","https://cdn-images.dzcdn.net/images/artist/25fe719f51af3ee2de27aa267e2a6ac9/1000x1000-000000-80-0-0.jpg"
"Iron Maiden","268273818","3217491","https://www.last.fm/music/Iron+Maiden","https://cdn-images.dzcdn.net/images/artist/497e5e47668e13a3fb1312a4754eaa65/1000x1000-000000-80-0-0.jpg"
"Oklou","35661056","623246","https://www.last.fm/music/Oklou","https://cdn-images.dzcdn.net/images/artist/62264e9e14517893902490de935bc5dd/1000x1000-000000-80-0-0.jpg"
"Johnny Cash","172143282","4123595","https://www.last.fm/music/Johnny+Cash","https://cdn-images.dzcdn.net/images/artist/97b9a6e85e0efc1e6a991a033a1e25bf/1000x1000-000000-80-0-0.jpg"
"Flume","70816463","1940019","https://www.last.fm/music/Flume","https://cdn-images.dzcdn.net/images/artist/88985ef4ee04371eeca38040ac5dbb53/1000x1000-000000-80-0-0.jpg"
"Salvia Palth","59643890","1650393","https://www.last.fm/music/Salvia+Palth","https://cdn-images.dzcdn.net/images/artist/f9248096c89e69e2d1f5c3ef5074f446/1000x1000-000000-80-0-0.jpg"
"Bryan Adams","54589114","3050115","https://www.last.fm/music/Bryan+Adams","https://cdn-images.dzcdn.net/images/artist/85d6a14a21da43928992c586fe8a2b41/1000x1000-000000-80-0-0.jpg"
"Beach Bunny","44821659","1582117","https://www.last.fm/music/Beach+Bunny","https://cdn-images.dzcdn.net/images/artist/ea67cd07c82e3db6f970425a6c13adaa/1000x1000-000000-80-0-0.jpg"
"will.i.am","30269451","2575529","https://www.last.fm/music/will.i.am","https://cdn-images.dzcdn.net/images/artist/2ef303a319e0eecad918b75e49c2fc24/1000x1000-000000-80-0-0.jpg"
"A Tribe Called Quest","111946450","2480973","https://www.last.fm/music/A+Tribe+Called+Quest","https://cdn-images.dzcdn.net/images/artist/5e1fca6d4ad46ec96492c7fbc9c72b99/1000x1000-000000-80-0-0.jpg"
"LONOWN","4408463","291499","https://www.last.fm/music/LONOWN","https://cdn-images.dzcdn.net/images/artist/24f18e32a0a3934d41d30ce3191489f8/1000x1000-000000-80-0-0.jpg"
"a-ha","59446767","3425310","https://www.last.fm/music/a-ha","https://cdn-images.dzcdn.net/images/artist/5b66e3647ecffe097744e2479c689c41/1000x1000-000000-80-0-0.jpg"
"Fitz and the Tantrums","26973010","1900144","https://www.last.fm/music/Fitz+and+the+Tantrums","https://cdn-images.dzcdn.net/images/artist/4f846d3da4b9238e3d5df7a7d8fbec26/1000x1000-000000-80-0-0.jpg"
"Frou Frou","38751783","2123366","https://www.last.fm/music/Frou+Frou","https://cdn-images.dzcdn.net/images/artist/27079248aadb880658a45cd4123bef38/1000x1000-000000-80-0-0.jpg"
"American Football","50407865","1179660","https://www.last.fm/music/American+Football","https://cdn-images.dzcdn.net/images/artist/0bb76826926b55d29d534814be5f561c/1000x1000-000000-80-0-0.jpg"
"Kenshi Yonezu","35576911","861464","https://www.last.fm/music/Kenshi+Yonezu","https://cdn-images.dzcdn.net/images/artist/236e9fc6deb38a6a27387a8b85f58749/1000x1000-000000-80-0-0.jpg"
"Sidney Gish","13778807","489807","https://www.last.fm/music/Sidney+Gish","https://cdn-images.dzcdn.net/images/artist/bda75f6311c5b757c9b67cd396b682e5/1000x1000-000000-80-0-0.jpg"
"Diplo","36877114","2117130","https://www.last.fm/music/Diplo","https://cdn-images.dzcdn.net/images/artist/e26fa83b67df45f262ce0181c3b86463/1000x1000-000000-80-0-0.jpg"
"Polo G","106632758","1222726","https://www.last.fm/music/Polo+G","https://cdn-images.dzcdn.net/images/artist/9faf91af495202aeab93e2d91b975851/1000x1000-000000-80-0-0.jpg"
"Eve","52957866","1820000","https://www.last.fm/music/Eve","https://cdn-images.dzcdn.net/images/artist/d338715a1c099cecc59363cd8c68ae3d/1000x1000-000000-80-0-0.jpg"
"The Walters","36355856","1888025","https://www.last.fm/music/The+Walters","https://cdn-images.dzcdn.net/images/artist/fbbab7483eaec12f5ae9147dcddc1b86/1000x1000-000000-80-0-0.jpg"
"Pavement","102497082","2183279","https://www.last.fm/music/Pavement","https://cdn-images.dzcdn.net/images/artist/8d970ce3f2abbcf4e9c7e4e8084f969f/1000x1000-000000-80-0-0.jpg"
"Pinegrove","55054821","1341845","https://www.last.fm/music/Pinegrove","https://cdn-images.dzcdn.net/images/artist/01c49bf8df8dd95b2e427b1351376f6d/1000x1000-000000-80-0-0.jpg"
"Jimi Hendrix","140660151","4066944","https://www.last.fm/music/Jimi+Hendrix","https://cdn-images.dzcdn.net/images/artist/2deec542fc75d5691434c407ee077ff7/1000x1000-000000-80-0-0.jpg"
"Big Sean","57715783","2797924","https://www.last.fm/music/Big+Sean","https://cdn-images.dzcdn.net/images/artist/8710634599612079efa18e1bfe192c76/1000x1000-000000-80-0-0.jpg"
"Waka Flocka Flame","21641861","1867504","https://www.last.fm/music/Waka+Flocka+Flame","https://cdn-images.dzcdn.net/images/artist/6a44788d75dc02a62e25139d15b30722/1000x1000-000000-80-0-0.jpg"
"Frankie Valli","15088438","1655112","https://www.last.fm/music/Frankie+Valli","https://cdn-images.dzcdn.net/images/artist/06d36ba58fea8ffde4a42463eab7cef7/1000x1000-000000-80-0-0.jpg"
"Backstreet Boys","69471009","3076615","https://www.last.fm/music/Backstreet+Boys","https://cdn-images.dzcdn.net/images/artist/6560429ca706ad5114e1167b49bafe9a/1000x1000-000000-80-0-0.jpg"
"xaviersobased","52627423","335100","https://www.last.fm/music/xaviersobased","https://cdn-images.dzcdn.net/images/artist/9997917c54d4d2f504d8f4d9c011a687/1000x1000-000000-80-0-0.jpg"
"Wheatus","18837860","1880032","https://www.last.fm/music/Wheatus","https://cdn-images.dzcdn.net/images/artist/be15138f543ddd792b3db5d10a358f18/1000x1000-000000-80-0-0.jpg"
"alex_g_offline","28882856","890441","https://www.last.fm/music/alex_g_offline","https://cdn-images.dzcdn.net/images/artist/df3363c203670a766e92e161d2356bdb/1000x1000-000000-80-0-0.jpg"
"Soulja Boy","26067107","2534708","https://www.last.fm/music/Soulja+Boy","https://cdn-images.dzcdn.net/images/artist/ca25cc9090f2a4606b13923a6485960e/1000x1000-000000-80-0-0.jpg"
"Joey Valence & Brae","30635042","1013046","https://www.last.fm/music/Joey+Valence+&+Brae","https://cdn-images.dzcdn.net/images/artist/d2d6fdf194109cbe304e3275ac95a801/1000x1000-000000-80-0-0.jpg"
"Santana","53569448","2893978","https://www.last.fm/music/Santana","https://cdn-images.dzcdn.net/images/artist/12c4d5efef7a0fad494e1acff7213542/1000x1000-000000-80-0-0.jpg"
"Yves","30341230","471176","https://www.last.fm/music/Yves","https://cdn-images.dzcdn.net/images/artist/031cec4be3e33632b950af3703e0aa3c/1000x1000-000000-80-0-0.jpg"
"Jimmy Eat World","118146364","3382307","https://www.last.fm/music/Jimmy+Eat+World","https://cdn-images.dzcdn.net/images/artist/25f9c306de8391736e0937f7239a314d/1000x1000-000000-80-0-0.jpg"
"The Black Keys","196989722","3316527","https://www.last.fm/music/The+Black+Keys","https://cdn-images.dzcdn.net/images/artist/3b27055c39125c3e3133a595990e86a1/1000x1000-000000-80-0-0.jpg"
"Disturbed","174846986","3563439","https://www.last.fm/music/Disturbed","https://cdn-images.dzcdn.net/images/artist/a085c12d41604321611dac74bd770add/1000x1000-000000-80-0-0.jpg"
"Pet Shop Boys","70308115","2375175","https://www.last.fm/music/Pet+Shop+Boys","https://cdn-images.dzcdn.net/images/artist/4b2925ade3ee1a8d1339240b206bfe1e/1000x1000-000000-80-0-0.jpg"
"Death Grips","162044061","1209094","https://www.last.fm/music/Death+Grips","https://cdn-images.dzcdn.net/images/artist/71edd878cafc0599a57425187e3bf48f/1000x1000-000000-80-0-0.jpg"
"Alan Walker","48746134","1810602","https://www.last.fm/music/Alan+Walker","https://cdn-images.dzcdn.net/images/artist/79d384488d390e65a6c27a95c431627e/1000x1000-000000-80-0-0.jpg"
"Westside Gunn","86932567","1064012","https://www.last.fm/music/Westside+Gunn","https://cdn-images.dzcdn.net/images/artist/7e9cf830c300127e64d5bd787e7a5260/1000x1000-000000-80-0-0.jpg"
"Cassie","21739458","1779477","https://www.last.fm/music/Cassie","https://cdn-images.dzcdn.net/images/artist/de8fd48d7fc146c848c7373df6ada351/1000x1000-000000-80-0-0.jpg"
"BABYMONSTER","36672739","547025","https://www.last.fm/music/BABYMONSTER","https://cdn-images.dzcdn.net/images/artist/8246cd7cbc1db8196d4b89c0e1d292f8/1000x1000-000000-80-0-0.jpg"
"3 Doors Down","90933450","3589703","https://www.last.fm/music/3+Doors+Down","https://cdn-images.dzcdn.net/images/artist/674026fa8830498a358e820c14102d0a/1000x1000-000000-80-0-0.jpg"
"Japanese Breakfast","64050303","1259875","https://www.last.fm/music/Japanese+Breakfast","https://cdn-images.dzcdn.net/images/artist/131fce389393ca49fbe2aa5831f492b6/1000x1000-000000-80-0-0.jpg"
"Loathe","47709517","871393","https://www.last.fm/music/Loathe","https://cdn-images.dzcdn.net/images/artist/d1ffd74f65dd921ea70714dc101e4dc5/1000x1000-000000-80-0-0.jpg"
"Bill Withers","41304059","2732925","https://www.last.fm/music/Bill+Withers","https://cdn-images.dzcdn.net/images/artist/3d6efd55377baa6322530e103da6d164/1000x1000-000000-80-0-0.jpg"
"Masayoshi Takanaka","26944902","715189","https://www.last.fm/music/Masayoshi+Takanaka","https://cdn-images.dzcdn.net/images/artist/c72f3cbf4b97d542342b139fc23c214f/1000x1000-000000-80-0-0.jpg"
"Erykah Badu","68158805","2076869","https://www.last.fm/music/Erykah+Badu","https://cdn-images.dzcdn.net/images/artist/6ef36c363986e04091eb72446e9a97b5/1000x1000-000000-80-0-0.jpg"
"Beck","158609737","4187476","https://www.last.fm/music/Beck","https://cdn-images.dzcdn.net/images/artist/f9671179c541bd92d6f93eb74861bd27/1000x1000-000000-80-0-0.jpg"
"Lloyd","18690852","1625444","https://www.last.fm/music/Lloyd","https://cdn-images.dzcdn.net/images/artist/80d327355a4bea5dcd0614e28e7d7135/1000x1000-000000-80-0-0.jpg"
"Steven Universe","57728282","997773","https://www.last.fm/music/Steven+Universe","https://cdn-images.dzcdn.net/images/artist/8a927d7c1931ff9624a78619b31c03e5/1000x1000-000000-80-0-0.jpg"
"Thirty Seconds to Mars","44186665","1579685","https://www.last.fm/music/Thirty+Seconds+to+Mars","https://cdn-images.dzcdn.net/images/artist/d1bff43f270c25bc9d3d45f100cf2251/1000x1000-000000-80-0-0.jpg"
"Justice","104370710","2831333","https://www.last.fm/music/Justice","https://cdn-images.dzcdn.net/images/artist/e5bf29cb99852f92a0079b184ace9479/1000x1000-000000-80-0-0.jpg"
"Mumford & Sons","139525959","2706256","https://www.last.fm/music/Mumford+&+Sons","https://cdn-images.dzcdn.net/images/artist/cc9cd639e4f4b34b441aac4433e20a0b/1000x1000-000000-80-0-0.jpg"
"Megadeth","193847908","2326449","https://www.last.fm/music/Megadeth","https://cdn-images.dzcdn.net/images/artist/cff12b4ef973a62d886d69bf056941ec/1000x1000-000000-80-0-0.jpg"
"Kygo","59612503","2008478","https://www.last.fm/music/Kygo","https://cdn-images.dzcdn.net/images/artist/c3e15399350755674d0462ddf51e0008/1000x1000-000000-80-0-0.jpg"
"Bastille","91965577","2419167","https://www.last.fm/music/Bastille","https://cdn-images.dzcdn.net/images/artist/6b76e1f7a7bda7e7e41950d12c77702f/1000x1000-000000-80-0-0.jpg"
"Feng","30875912","360542","https://www.last.fm/music/Feng","https://cdn-images.dzcdn.net/images/artist/7b46e5c1da32567c4633be1cebb9e268/1000x1000-000000-80-0-0.jpg"
"Roddy Ricch","49974896","1544501","https://www.last.fm/music/Roddy+Ricch","https://cdn-images.dzcdn.net/images/artist/c57bd89d86ac6242777632c1f41d9461/1000x1000-000000-80-0-0.jpg"
"Cameron Winter","20899267","389182","https://www.last.fm/music/Cameron+Winter","https://cdn-images.dzcdn.net/images/artist/80284da7bfe0aee61d2299c37a9a76f4/1000x1000-000000-80-0-0.jpg"
"Staind","53508491","2226381","https://www.last.fm/music/Staind","https://cdn-images.dzcdn.net/images/artist/24be7f1dcb058bc1ba47e110830d0987/1000x1000-000000-80-0-0.jpg"
"Young the Giant","45024485","1948944","https://www.last.fm/music/Young+the+Giant","https://cdn-images.dzcdn.net/images/artist/076cb4ef35cac3a9592583e7b01b34ea/1000x1000-000000-80-0-0.jpg"
"Sports","15557484","1087652","https://www.last.fm/music/Sports","https://cdn-images.dzcdn.net/images/artist/85df8d5ee1c4191ade16b8079417b175/1000x1000-000000-80-0-0.jpg"
"Declan McKenna","47969781","1462451","https://www.last.fm/music/Declan+McKenna","https://cdn-images.dzcdn.net/images/artist/09a331891d9f258b763aa64ac9a01731/1000x1000-000000-80-0-0.jpg"
"N.E.R.D","26321971","1094695","https://www.last.fm/music/N.E.R.D","https://cdn-images.dzcdn.net/images/artist/c8b309866b9f0efc7b318104cd5b245a/1000x1000-000000-80-0-0.jpg"
"Young Nudy","50684153","1028767","https://www.last.fm/music/Young+Nudy","https://cdn-images.dzcdn.net/images/artist/f401a1ae3644e3df4e51efb2ae4cd5d0/1000x1000-000000-80-0-0.jpg"
"Lupe Fiasco","74682063","2980280","https://www.last.fm/music/Lupe+Fiasco","https://cdn-images.dzcdn.net/images/artist/f76f59a8a1786fd6a29fd69cbffd5a8f/1000x1000-000000-80-0-0.jpg"
"Slayr","18464549","207189","https://www.last.fm/music/Slayr","https://cdn-images.dzcdn.net/images/artist/ae542da8789dbc3cb732aab931093b31/1000x1000-000000-80-0-0.jpg"
"Weyes Blood","62567959","1148715","https://www.last.fm/music/Weyes+Blood","https://cdn-images.dzcdn.net/images/artist/c90a3a11d8dbc04922c04c70430c92b9/1000x1000-000000-80-0-0.jpg"
"NCT 127","141080151","813788","https://www.last.fm/music/NCT+127","https://cdn-images.dzcdn.net/images/artist/2fcb30a7f210c70641ea3ef8d83017ef/1000x1000-000000-80-0-0.jpg"
"Charlie Brown Jr.","75648931","766504","https://www.last.fm/music/Charlie+Brown+Jr.","https://cdn-images.dzcdn.net/images/artist/1a2e562dde23cdbd9abea4bae13eb4fc/1000x1000-000000-80-0-0.jpg"
"Jaydes","94054405","480804","https://www.last.fm/music/Jaydes","https://cdn-images.dzcdn.net/images/artist/ac0b6807a897fde2a64d5c2d110c454e/1000x1000-000000-80-0-0.jpg"
"Father John Misty","59341734","1458123","https://www.last.fm/music/Father+John+Misty","https://cdn-images.dzcdn.net/images/artist/af34a8f9ff93fc59e662390ef6138ff2/1000x1000-000000-80-0-0.jpg"
"Madvillain","114608319","1913218","https://www.last.fm/music/Madvillain","https://cdn-images.dzcdn.net/images/artist/7b575e9a02552135c2abc45b0fc625ab/1000x1000-000000-80-0-0.jpg"
"Kiss of Life","63972632","741226","https://www.last.fm/music/Kiss+of+Life","https://cdn-images.dzcdn.net/images/artist/2d8b80c08fddc2658b7f7fb0b8267461/1000x1000-000000-80-0-0.jpg"
"Macklemore","21437651","1562523","https://www.last.fm/music/Macklemore","https://cdn-images.dzcdn.net/images/artist/05f641adbfea9526116737ee6fb751b9/1000x1000-000000-80-0-0.jpg"
"Seether","78334301","2430103","https://www.last.fm/music/Seether","https://cdn-images.dzcdn.net/images/artist/0f18e85dd5af1b78ce0bd3e3e3783d94/1000x1000-000000-80-0-0.jpg"
"Dance Gavin Dance","92769962","814828","https://www.last.fm/music/Dance+Gavin+Dance","https://cdn-images.dzcdn.net/images/artist/80ff500afd7a5a42ebd08a198df91f89/1000x1000-000000-80-0-0.jpg"
"John Mayer","203724132","3771704","https://www.last.fm/music/John+Mayer","https://cdn-images.dzcdn.net/images/artist/a6d0e250c8d4acb660d4c9b1a633778c/1000x1000-000000-80-0-0.jpg"
"Tainy","38689623","818710","https://www.last.fm/music/Tainy","https://cdn-images.dzcdn.net/images/artist/c5cbc4ec49bb2e32c6419f471829e595/1000x1000-000000-80-0-0.jpg"
"Niki","79704697","957283","https://www.last.fm/music/Niki","https://cdn-images.dzcdn.net/images/artist/b1fb6dc2c446495917b88a1c63b4a0e3/1000x1000-000000-80-0-0.jpg"
"PEDRO SAMPAIO","32041970","583318","https://www.last.fm/music/PEDRO+SAMPAIO","https://cdn-images.dzcdn.net/images/artist/706ab941f922fb5820680cdceb284862/1000x1000-000000-80-0-0.jpg"
"Enrique Iglesias","54535630","2727004","https://www.last.fm/music/Enrique+Iglesias","https://cdn-images.dzcdn.net/images/artist/7c0f867fb50b6c9302f991521e42e764/1000x1000-000000-80-0-0.jpg"
"10cc","20298390","1665339","https://www.last.fm/music/10cc","https://cdn-images.dzcdn.net/images/artist/c4570c28b05bea07f09392413e8edf53/1000x1000-000000-80-0-0.jpg"
"Tom Odell","51064510","2042883","https://www.last.fm/music/Tom+Odell","https://cdn-images.dzcdn.net/images/artist/b8ac75b41eb8f74a3bef612a5fe8043c/1000x1000-000000-80-0-0.jpg"
"The Kinks","91800603","3285124","https://www.last.fm/music/The+Kinks","https://cdn-images.dzcdn.net/images/artist/72b207adbd41f6ae13b84c041e8f965f/1000x1000-000000-80-0-0.jpg"
"Wet Leg","29093460","928911","https://www.last.fm/music/Wet+Leg","https://cdn-images.dzcdn.net/images/artist/6df9f45478aa0c897b028e06eb189159/1000x1000-000000-80-0-0.jpg"
"Beastie Boys","126423906","3475136","https://www.last.fm/music/Beastie+Boys","https://cdn-images.dzcdn.net/images/artist/3b406c3a4395492869c2328ca194086c/1000x1000-000000-80-0-0.jpg"
"Lola Young","27615406","1191750","https://www.last.fm/music/Lola+Young","https://cdn-images.dzcdn.net/images/artist/a83cfb420ba83297330ddcf9c6cfccdc/1000x1000-000000-80-0-0.jpg"
"Foreigner","33788090","2423122","https://www.last.fm/music/Foreigner","https://cdn-images.dzcdn.net/images/artist/f4f30d5d92323f0c5f495f1187c67e54/1000x1000-000000-80-0-0.jpg"
"BK","53560875","459103","https://www.last.fm/music/BK","https://cdn-images.dzcdn.net/images/artist/d41d8cd98f00b204e9800998ecf8427e/1000x1000-000000-80-0-0.jpg"
"Rich Amiri","43771574","841004","https://www.last.fm/music/Rich+Amiri","https://cdn-images.dzcdn.net/images/artist/28fb7cafd2ed13912c46b666d0786960/1000x1000-000000-80-0-0.jpg"
"Arcade Fire","225829010","3129836","https://www.last.fm/music/Arcade+Fire","https://cdn-images.dzcdn.net/images/artist/0703e8e50373d950c7523869352a83c9/1000x1000-000000-80-0-0.jpg"
"NF","97844830","1305788","https://www.last.fm/music/NF","https://cdn-images.dzcdn.net/images/artist/4b9b636a2e2710360549aa7d44a2fe2c/1000x1000-000000-80-0-0.jpg"
"Modjo","17715870","1644141","https://www.last.fm/music/Modjo","https://cdn-images.dzcdn.net/images/artist/df579128a4b6c1796c6f8b34432a741a/1000x1000-000000-80-0-0.jpg"
"NAV","60257334","1132782","https://www.last.fm/music/NAV","https://cdn-images.dzcdn.net/images/artist/3951f5ed927a0d4b7499de946698ff22/1000x1000-000000-80-0-0.jpg"
"Black Country, New Road","70897184","804077","https://www.last.fm/music/Black+Country,+New+Road","https://cdn-images.dzcdn.net/images/artist/5d8bf8877cefa207508196c2e61a2ad8/1000x1000-000000-80-0-0.jpg"
"Shelly","18973533","863748","https://www.last.fm/music/Shelly","https://cdn-images.dzcdn.net/images/artist/16f1815978f98f2b6660625a14accc7f/1000x1000-000000-80-0-0.jpg"
"Poppy","75222748","1139554","https://www.last.fm/music/Poppy","https://cdn-images.dzcdn.net/images/artist/38507f858db16d20cab98c4a56a9bbc6/1000x1000-000000-80-0-0.jpg"
"A$AP Ferg","42654555","1641318","https://www.last.fm/music/A$AP+Ferg","https://cdn-images.dzcdn.net/images/artist/184a9d3c214117727e2fbe3ac8d849e7/1000x1000-000000-80-0-0.jpg"
"Royel Otis","25567894","987464","https://www.last.fm/music/Royel+Otis","https://cdn-images.dzcdn.net/images/artist/ddce8e6e43fb19ddff16501ea5a6410f/1000x1000-000000-80-0-0.jpg"
"Gal Costa","46318905","909933","https://www.last.fm/music/Gal+Costa","https://cdn-images.dzcdn.net/images/artist/773aebc21497a9feccd1fe041b546ec2/1000x1000-000000-80-0-0.jpg"
"Far East Movement","25505659","2254213","https://www.last.fm/music/Far+East+Movement","https://cdn-images.dzcdn.net/images/artist/a7de60f2fafdd37dcd4a1fbef686307c/1000x1000-000000-80-0-0.jpg"
"my bloody valentine","127774995","2051831","https://www.last.fm/music/my+bloody+valentine","https://cdn-images.dzcdn.net/images/artist/3a27ec1beff8cae3a0196f32a6361195/1000x1000-000000-80-0-0.jpg"
"Le Tigre","32999676","1896530","https://www.last.fm/music/Le+Tigre","https://cdn-images.dzcdn.net/images/artist/9fc4f7ea7da43adfafdd77f9ef882182/1000x1000-000000-80-0-0.jpg"
"YOASOBI","54748918","901049","https://www.last.fm/music/YOASOBI","https://cdn-images.dzcdn.net/images/artist/b51f641191a77b3756e486c62957ee48/1000x1000-000000-80-0-0.jpg"
"Phoenix","124548002","3114668","https://www.last.fm/music/Phoenix","https://cdn-images.dzcdn.net/images/artist/f89bd9be6606ebda61eaa21ebc00dbe1/1000x1000-000000-80-0-0.jpg"
"Arcane","35497849","832919","https://www.last.fm/music/Arcane","https://cdn-images.dzcdn.net/images/artist/59e97030824a55b87304485e549a2451/1000x1000-000000-80-0-0.jpg"
"Interpol","203309811","3204330","https://www.last.fm/music/Interpol","https://cdn-images.dzcdn.net/images/artist/ca11e5724bfd7be68c0db67ee474bc9f/1000x1000-000000-80-0-0.jpg"
"fun.","52450294","2583980","https://www.last.fm/music/fun.","https://cdn-images.dzcdn.net/images/artist/04b78dcf94871240e68b556c0a81321c/1000x1000-000000-80-0-0.jpg"
"Xavier Wulf","53465871","930360","https://www.last.fm/music/Xavier+Wulf","https://cdn-images.dzcdn.net/images/artist/42a0bc78ce2bf153d08e3f9c58ee79e8/1000x1000-000000-80-0-0.jpg"
"Ween","69479810","1332815","https://www.last.fm/music/Ween","https://cdn-images.dzcdn.net/images/artist/9227e284b1fc7b0be3001fbb43e7e9da/1000x1000-000000-80-0-0.jpg"
"Logic","105387163","1744240","https://www.last.fm/music/Logic","https://cdn-images.dzcdn.net/images/artist/6929bd41e02067da3d8640f4d4c7114a/1000x1000-000000-80-0-0.jpg"
"glaive","102896805","592978","https://www.last.fm/music/glaive","https://cdn-images.dzcdn.net/images/artist/e17d4ebff26d85f946c18b32a3ba8cec/1000x1000-000000-80-0-0.jpg"
"Stephen Sanchez","30758250","1550127","https://www.last.fm/music/Stephen+Sanchez","https://cdn-images.dzcdn.net/images/artist/5339224d81a1440228eec78083083dde/1000x1000-000000-80-0-0.jpg"
"Ski Mask the Slump God","73771376","1315086","https://www.last.fm/music/Ski+Mask+the+Slump+God","https://cdn-images.dzcdn.net/images/artist/2a4c612826cd83bf1a4fe371f410abaf/1000x1000-000000-80-0-0.jpg"
"Moby","139823958","3666045","https://www.last.fm/music/Moby","https://cdn-images.dzcdn.net/images/artist/86732eeaa43262de069adc6edf22ea3b/1000x1000-000000-80-0-0.jpg"
"Leslie Odom Jr.","39502433","871775","https://www.last.fm/music/Leslie+Odom+Jr.","https://cdn-images.dzcdn.net/images/artist/29225618684e848e3128ab9b056b7f0b/1000x1000-000000-80-0-0.jpg"
"Teddy Swims","21781749","1175866","https://www.last.fm/music/Teddy+Swims","https://cdn-images.dzcdn.net/images/artist/b00bd63bc45477674d8f21af2b73f4fd/1000x1000-000000-80-0-0.jpg"
"Mary J. Blige","35883055","2447263","https://www.last.fm/music/Mary+J.+Blige","https://cdn-images.dzcdn.net/images/artist/ac0e5c2a7fa62aa9d8aa87e3cd66fe3c/1000x1000-000000-80-0-0.jpg"
"Boards of Canada","166302958","2096615","https://www.last.fm/music/Boards+of+Canada","https://cdn-images.dzcdn.net/images/artist/5c9084d915f3e3b1abeceb839f6a7633/1000x1000-000000-80-0-0.jpg"
"Montell Fish","45655340","1372616","https://www.last.fm/music/Montell+Fish","https://cdn-images.dzcdn.net/images/artist/24b966e608fa8a459c73b0e2252fd92b/1000x1000-000000-80-0-0.jpg"
"Machine Girl","70535770","1046725","https://www.last.fm/music/Machine+Girl","https://cdn-images.dzcdn.net/images/artist/584aacc9f0fe23b9614b069d879c7be9/1000x1000-000000-80-0-0.jpg"
"Van Halen","82038619","3028555","https://www.last.fm/music/Van+Halen","https://cdn-images.dzcdn.net/images/artist/df8a8ba1d58fe78d173f1fae5e9e8fc3/1000x1000-000000-80-0-0.jpg"
"Jack Johnson","186654128","3698334","https://www.last.fm/music/Jack+Johnson","https://cdn-images.dzcdn.net/images/artist/5ab2307c596f9814abcd223467c54fb2/1000x1000-000000-80-0-0.jpg"
"Simon & Garfunkel","112735126","3511544","https://www.last.fm/music/Simon+&+Garfunkel","https://cdn-images.dzcdn.net/images/artist/8af19eff0f0bc52edd24e0d19b6e0764/1000x1000-000000-80-0-0.jpg"
"Turnstile","60683088","931519","https://www.last.fm/music/Turnstile","https://cdn-images.dzcdn.net/images/artist/8cc086b7cd608c8cdc06f79ae6075bfd/1000x1000-000000-80-0-0.jpg"
"Ava Max","67699200","1603061","https://www.last.fm/music/Ava+Max","https://cdn-images.dzcdn.net/images/artist/65555134702967d4d78dee0ca043b24d/1000x1000-000000-80-0-0.jpg"
"Bebe Rexha","39385184","1493120","https://www.last.fm/music/Bebe+Rexha","https://cdn-images.dzcdn.net/images/artist/315f8e20f0cd18735e6b9a9f5fd9adda/1000x1000-000000-80-0-0.jpg"
"Sonic Youth","134675256","2676063","https://www.last.fm/music/Sonic+Youth","https://cdn-images.dzcdn.net/images/artist/4cd0f903d64ef1f344d58f12f229fee2/1000x1000-000000-80-0-0.jpg"
"Nessa Barrett","53879070","1118514","https://www.last.fm/music/Nessa+Barrett","https://cdn-images.dzcdn.net/images/artist/acb7773873da81d3945d52be12ca8350/1000x1000-000000-80-0-0.jpg"
"The Last Dinner Party","31737750","811818","https://www.last.fm/music/The+Last+Dinner+Party","https://cdn-images.dzcdn.net/images/artist/113dde5355eeb84ae90f726822c043ce/1000x1000-000000-80-0-0.jpg"
"Clarion","5165914","340239","https://www.last.fm/music/Clarion","https://cdn-images.dzcdn.net/images/artist/5bb10675d61d7b01b652f2aeaec31a42/1000x1000-000000-80-0-0.jpg"
"Peso Pluma","55908797","712060","https://www.last.fm/music/Peso+Pluma","https://cdn-images.dzcdn.net/images/artist/dde2bf89c1e8da0aeb94436681bc3aac/1000x1000-000000-80-0-0.jpg"
"Bleachers","44939964","1264372","https://www.last.fm/music/Bleachers","https://cdn-images.dzcdn.net/images/artist/16b4bac07438d0616f2a29fac91d311b/1000x1000-000000-80-0-0.jpg"
"Dazey and the Scouts","18889675","659108","https://www.last.fm/music/Dazey+and+the+Scouts","https://cdn-images.dzcdn.net/images/artist/8672dda9626795b1e4bae32c5e07509f/1000x1000-000000-80-0-0.jpg"
"Chris Stapleton","31249398","892865","https://www.last.fm/music/Chris+Stapleton","https://cdn-images.dzcdn.net/images/artist/b6996bc45e793d05f9fffce17b97ad2c/1000x1000-000000-80-0-0.jpg"
"Edward Maya","13537824","1256106","https://www.last.fm/music/Edward+Maya","https://cdn-images.dzcdn.net/images/artist/0477f8981cb9e1ed1e132c3c86b6eb7f/1000x1000-000000-80-0-0.jpg"
"Rita Lee","40374135","771348","https://www.last.fm/music/Rita+Lee","https://cdn-images.dzcdn.net/images/artist/2b9eb426cdeed34a65b0f02ffd163b90/1000x1000-000000-80-0-0.jpg"
"Noah Cyrus","31369408","1542556","https://www.last.fm/music/Noah+Cyrus","https://cdn-images.dzcdn.net/images/artist/5b5f5c85c0e2cb8b95d4ae1de550f3d0/1000x1000-000000-80-0-0.jpg"
"Meghan Trainor","45197040","2150121","https://www.last.fm/music/Meghan+Trainor","https://cdn-images.dzcdn.net/images/artist/cce89f3297e257613eea9c090bab6b02/1000x1000-000000-80-0-0.jpg"
"Nine Vicious","29275118","196385","https://www.last.fm/music/Nine+Vicious","https://cdn-images.dzcdn.net/images/artist/ba41eaa05a853a94e023e9e5d110c23e/1000x1000-000000-80-0-0.jpg"
"Maluma","32396016","1021546","https://www.last.fm/music/Maluma","https://cdn-images.dzcdn.net/images/artist/a1627f420e880b7229e52890b99626c9/1000x1000-000000-80-0-0.jpg"
"Anavitória","66724854","532155","https://www.last.fm/music/Anavit%C3%B3ria","https://cdn-images.dzcdn.net/images/artist/90a2cd42683d51b8f95fd64e1e15b17f/1000x1000-000000-80-0-0.jpg"
"Dexter and The Moonrocks","3215312","235135","https://www.last.fm/music/Dexter+and+The+Moonrocks","https://cdn-images.dzcdn.net/images/artist/96502501fa772b3518e61bda68a4962c/1000x1000-000000-80-0-0.jpg"
"Alec Benjamin","54407641","1385358","https://www.last.fm/music/Alec+Benjamin","https://cdn-images.dzcdn.net/images/artist/c4cfecd5e534b5bd191add25c67e08b2/1000x1000-000000-80-0-0.jpg"
"Tommy Richman","28498318","1505509","https://www.last.fm/music/Tommy+Richman","https://cdn-images.dzcdn.net/images/artist/b946fc1205343db9ff2385de8a6d0e73/1000x1000-000000-80-0-0.jpg"
"Jonas Brothers","76228335","2180819","https://www.last.fm/music/Jonas+Brothers","https://cdn-images.dzcdn.net/images/artist/c6172a528879fc23f9ef249614ff9db0/1000x1000-000000-80-0-0.jpg"
"SHINee","104832981","869231","https://www.last.fm/music/SHINee","https://cdn-images.dzcdn.net/images/artist/621f1a7a3149d9209dee3f7775397f0a/1000x1000-000000-80-0-0.jpg"
"Milky Chance","39849425","1739172","https://www.last.fm/music/Milky+Chance","https://cdn-images.dzcdn.net/images/artist/d69967b830e01c275732045875cef14f/1000x1000-000000-80-0-0.jpg"
"Disco Lines","10691088","834203","https://www.last.fm/music/Disco+Lines","https://cdn-images.dzcdn.net/images/artist/8d07e4515ef235b97becd5c28d23ea75/1000x1000-000000-80-0-0.jpg"
"100 gecs","83276060","1160309","https://www.last.fm/music/100+gecs","https://cdn-images.dzcdn.net/images/artist/15b18bcb7d7b975350ad3013680157ec/1000x1000-000000-80-0-0.jpg"
"Hoobastank","49070367","2940152","https://www.last.fm/music/Hoobastank","https://cdn-images.dzcdn.net/images/artist/cc73698ecf7d3ce03f3b1079888d9c03/1000x1000-000000-80-0-0.jpg"
"Niall Horan","72554404","1333503","https://www.last.fm/music/Niall+Horan","https://cdn-images.dzcdn.net/images/artist/36a047a6cea9461ada0df8614d0836c7/1000x1000-000000-80-0-0.jpg"
"Matuê","65148979","437469","https://www.last.fm/music/Matu%C3%AA","https://cdn-images.dzcdn.net/images/artist/c42fcb920963cca4d195b939e51f19d1/1000x1000-000000-80-0-0.jpg"
"Mom Jeans.","41982886","729219","https://www.last.fm/music/Mom+Jeans.","https://cdn-images.dzcdn.net/images/artist/03c6c13233e24679f009e0ddc260e9f5/1000x1000-000000-80-0-0.jpg"
"Alanis Morissette","81567723","2838049","https://www.last.fm/music/Alanis+Morissette","https://cdn-images.dzcdn.net/images/artist/cb1cb8d553bb7ffe2e40f9321f2ba76a/1000x1000-000000-80-0-0.jpg"
"Cyndi Lauper","38726299","3032625","https://www.last.fm/music/Cyndi+Lauper","https://cdn-images.dzcdn.net/images/artist/05b343dd206c2ac4cca081948ddb3e7f/1000x1000-000000-80-0-0.jpg"
"Spiritbox","47258214","566334","https://www.last.fm/music/Spiritbox","https://cdn-images.dzcdn.net/images/artist/52727a5b5ac0ec49a0857e08ce4417c1/1000x1000-000000-80-0-0.jpg"
"Lamp","71509857","1091811","https://www.last.fm/music/Lamp","https://cdn-images.dzcdn.net/images/artist/ac3413a5be0abaea72a47ffee146b1a1/1000x1000-000000-80-0-0.jpg"
"LMFAO","37264957","2638503","https://www.last.fm/music/LMFAO","https://cdn-images.dzcdn.net/images/artist/d639f46bfe29ec47d3f1bbf50d705a61/1000x1000-000000-80-0-0.jpg"
"Rick Ross","37554900","2479005","https://www.last.fm/music/Rick+Ross","https://cdn-images.dzcdn.net/images/artist/660150a3d74c7974d0d41dc79e2ad1d7/1000x1000-000000-80-0-0.jpg"
"BØRNS","32932516","1745318","https://www.last.fm/music/B%C3%98RNS","https://cdn-images.dzcdn.net/images/artist/94e25b9af30268119afff8019b083af6/1000x1000-000000-80-0-0.jpg"
"Robyn","67787276","1989677","https://www.last.fm/music/Robyn","https://cdn-images.dzcdn.net/images/artist/664975f32fa20a3f6f445796fe23d6fd/1000x1000-000000-80-0-0.jpg"
"Rainbow Kitten Surprise","44542954","1097000","https://www.last.fm/music/Rainbow+Kitten+Surprise","https://cdn-images.dzcdn.net/images/artist/5f54a40526d4900c19e98b043e11d010/1000x1000-000000-80-0-0.jpg"
"James Arthur","48784833","1810351","https://www.last.fm/music/James+Arthur","https://cdn-images.dzcdn.net/images/artist/a1a45c3f65183bb267429bf92ba70279/1000x1000-000000-80-0-0.jpg"
"Kelela","37944536","627436","https://www.last.fm/music/Kelela","https://cdn-images.dzcdn.net/images/artist/0552f9223da8ad3f5195bdb4e99c48b4/1000x1000-000000-80-0-0.jpg"
"Balu Brigada","11091347","545089","https://www.last.fm/music/Balu+Brigada","https://cdn-images.dzcdn.net/images/artist/b61d7651f2615da8b1f4a8ad3aff3971/1000x1000-000000-80-0-0.jpg"
"The Game","54799098","3135137","https://www.last.fm/music/The+Game","https://cdn-images.dzcdn.net/images/artist/2ae3ca3551516cf84058ac22122658b3/1000x1000-000000-80-0-0.jpg"
"Santigold","27863471","1468742","https://www.last.fm/music/Santigold","https://cdn-images.dzcdn.net/images/artist/17328429c65c361015bc354dbb250c19/1000x1000-000000-80-0-0.jpg"
"Set It Off","38835059","826800","https://www.last.fm/music/Set+It+Off","https://cdn-images.dzcdn.net/images/artist/cb9c301a124e5059bf0a1af65b3731dc/1000x1000-000000-80-0-0.jpg"
"Rina Sawayama","98139609","1137601","https://www.last.fm/music/Rina+Sawayama","https://cdn-images.dzcdn.net/images/artist/7cd278a0af9009a469c338d0d74821ca/1000x1000-000000-80-0-0.jpg"
"Hans Zimmer","145885017","2731506","https://www.last.fm/music/Hans+Zimmer","https://cdn-images.dzcdn.net/images/artist/1bd0b9f7a3cf12e01bdcc26fa69673f7/1000x1000-000000-80-0-0.jpg"
"Marisa Monte","41377499","825353","https://www.last.fm/music/Marisa+Monte","https://cdn-images.dzcdn.net/images/artist/4da4e950a642d21a32c0d6ae32d31c4d/1000x1000-000000-80-0-0.jpg"
"League of Legends","56361185","1247509","https://www.last.fm/music/League+of+Legends","https://cdn-images.dzcdn.net/images/artist/21e53b8e8285f84f60601d895c39c900/1000x1000-000000-80-0-0.jpg"
"Owl City","89038821","2792383","https://www.last.fm/music/Owl+City","https://cdn-images.dzcdn.net/images/artist/12114991d5d983405568cc0ac0107293/1000x1000-000000-80-0-0.jpg"
"Becky G","26135531","1479127","https://www.last.fm/music/Becky+G","https://cdn-images.dzcdn.net/images/artist/4592b032de9d1393fcd1c32780755372/1000x1000-000000-80-0-0.jpg"
"BABYMETAL","58917887","968517","https://www.last.fm/music/BABYMETAL","https://cdn-images.dzcdn.net/images/artist/2df86b455e87992af899a45c79f973f3/1000x1000-000000-80-0-0.jpg"
"Luis Miguel","40742615","909698","https://www.last.fm/music/Luis+Miguel","https://cdn-images.dzcdn.net/images/artist/3e8072340c8231b02be241a5113329bc/1000x1000-000000-80-0-0.jpg"
"Player","7515256","842838","https://www.last.fm/music/Player","https://cdn-images.dzcdn.net/images/artist/c7615d90578e1bdef817b08049d7930b/1000x1000-000000-80-0-0.jpg"
"Cuco","42593721","1235390","https://www.last.fm/music/Cuco","https://cdn-images.dzcdn.net/images/artist/eed373fc030db47a3c9d285d61f1fa57/1000x1000-000000-80-0-0.jpg"
"Passion Pit","74167726","2535194","https://www.last.fm/music/Passion+Pit","https://cdn-images.dzcdn.net/images/artist/508f11a284976805adc25de899dd4c01/1000x1000-000000-80-0-0.jpg"
"benny blanco","41639246","1481135","https://www.last.fm/music/benny+blanco","https://cdn-images.dzcdn.net/images/artist/3c01adfaf98dba683d9b1c0c9fa53d70/1000x1000-000000-80-0-0.jpg"
"Luke Combs","42879038","811588","https://www.last.fm/music/Luke+Combs","https://cdn-images.dzcdn.net/images/artist/c2a8e5d0d293a06bf887bb2724a780bc/1000x1000-000000-80-0-0.jpg"
"Fifth Harmony","50650246","1708566","https://www.last.fm/music/Fifth+Harmony","https://cdn-images.dzcdn.net/images/artist/77c245632646ec9245f6233e61d78da2/1000x1000-000000-80-0-0.jpg"
"The Stranglers","26568249","1756244","https://www.last.fm/music/The+Stranglers","https://cdn-images.dzcdn.net/images/artist/3d98a0b9039f2307c7ec91923846a467/1000x1000-000000-80-0-0.jpg"
"Liana Flores","31244066","1299434","https://www.last.fm/music/Liana+Flores","https://cdn-images.dzcdn.net/images/artist/d143136269524a54cf60412e0046728a/1000x1000-000000-80-0-0.jpg"
"ivri","10086375","742438","https://www.last.fm/music/ivri","https://cdn-images.dzcdn.net/images/artist/d41d8cd98f00b204e9800998ecf8427e/1000x1000-000000-80-0-0.jpg"
"AOA","26285029","680006","https://www.last.fm/music/AOA","https://cdn-images.dzcdn.net/images/artist/ee3474554b02808b787d3e701292a836/1000x1000-000000-80-0-0.jpg"
"YUNGBLUD","45777831","1205224","https://www.last.fm/music/YUNGBLUD","https://cdn-images.dzcdn.net/images/artist/5115fcb1042f244f98281130faeb5d75/1000x1000-000000-80-0-0.jpg"
"Bazzi","37764714","1462182","https://www.last.fm/music/Bazzi","https://cdn-images.dzcdn.net/images/artist/caa9f35182af03bd3fd6c27585f2234b/1000x1000-000000-80-0-0.jpg"
"Nick Drake","95550531","2258338","https://www.last.fm/music/Nick+Drake","https://cdn-images.dzcdn.net/images/artist/bc056e4b5223af6affd93a9160839f83/1000x1000-000000-80-0-0.jpg"
"DNCE","20369138","1606668","https://www.last.fm/music/DNCE","https://cdn-images.dzcdn.net/images/artist/b18545270ea0a7996ef06156297f0f82/1000x1000-000000-80-0-0.jpg"
"Wale","32193670","2298750","https://www.last.fm/music/Wale","https://cdn-images.dzcdn.net/images/artist/f25c602519deae777ac11934722d3e24/1000x1000-000000-80-0-0.jpg"
"LNGSHOT","7875510","234222","https://www.last.fm/music/LNGSHOT","https://cdn-images.dzcdn.net/images/artist/0ce251dbbbc2e9ca1d32527b967c7f7b/1000x1000-000000-80-0-0.jpg"
"Cascada","43584859","2331295","https://www.last.fm/music/Cascada","https://cdn-images.dzcdn.net/images/artist/1cd37ddbb7ae16acd31b71522a64dcea/1000x1000-000000-80-0-0.jpg"
"Death Cab for Cutie","250115959","3800162","https://www.last.fm/music/Death+Cab+for+Cutie","https://cdn-images.dzcdn.net/images/artist/3f44f1d9518985b54ecdaf08994ce027/1000x1000-000000-80-0-0.jpg"
"Mötley Crüe","60596748","1963769","https://www.last.fm/music/M%C3%B6tley+Cr%C3%BCe","https://cdn-images.dzcdn.net/images/artist/d529459694624ce9c7804d7612a845eb/1000x1000-000000-80-0-0.jpg"
"Matt Martians","5457237","322479","https://www.last.fm/music/Matt+Martians","https://cdn-images.dzcdn.net/images/artist/29e2a0774819e05c635c22e0eb8c1106/1000x1000-000000-80-0-0.jpg"
"Dijon","33355798","827285","https://www.last.fm/music/Dijon","https://cdn-images.dzcdn.net/images/artist/9f0f1c038543ccb7a722194a9265b0c1/1000x1000-000000-80-0-0.jpg"
"Dove Cameron","30803744","1298986","https://www.last.fm/music/Dove+Cameron","https://cdn-images.dzcdn.net/images/artist/5d87abf237c3f2c978bc1cba4cfaa070/1000x1000-000000-80-0-0.jpg"
"Romeo Santos","26055958","844597","https://www.last.fm/music/Romeo+Santos","https://cdn-images.dzcdn.net/images/artist/0a20c1c5fb5cdd61052c915a325b3589/1000x1000-000000-80-0-0.jpg"
"VIOLENT VIRA","27220567","631015","https://www.last.fm/music/VIOLENT+VIRA","https://cdn-images.dzcdn.net/images/artist/f3b31f1b76f5c74cc5f4b1e63d88252f/1000x1000-000000-80-0-0.jpg"
"Rise Against","214758778","2901366","https://www.last.fm/music/Rise+Against","https://cdn-images.dzcdn.net/images/artist/aaded9492c2aa69f5d055487a67ccc11/1000x1000-000000-80-0-0.jpg"
"IU","92041214","1086060","https://www.last.fm/music/IU","https://cdn-images.dzcdn.net/images/artist/c619e4cef93d6fa98a38018d92106bb6/1000x1000-000000-80-0-0.jpg"
"Alessia Cara","37669919","1770243","https://www.last.fm/music/Alessia+Cara","https://cdn-images.dzcdn.net/images/artist/bad25f2acb3eb34706b681b729d93dd9/1000x1000-000000-80-0-0.jpg"
"Joost","33623650","456240","https://www.last.fm/music/Joost","https://cdn-images.dzcdn.net/images/artist/37770a072e88dcfe29df445220216fc5/1000x1000-000000-80-0-0.jpg"
"A Day to Remember","156697003","1931138","https://www.last.fm/music/A+Day+to+Remember","https://cdn-images.dzcdn.net/images/artist/aaa15d668fb06f9e02816f606b6122b8/1000x1000-000000-80-0-0.jpg"
"Alvvays","63291194","1212282","https://www.last.fm/music/Alvvays","https://cdn-images.dzcdn.net/images/artist/d510615ee7ec09d1bf602b633ff1659a/1000x1000-000000-80-0-0.jpg"
"Keyshia Cole","22046014","1667418","https://www.last.fm/music/Keyshia+Cole","https://cdn-images.dzcdn.net/images/artist/2ac53ebbc58bbed69842931e29cd1b6b/1000x1000-000000-80-0-0.jpg"
"Taio Cruz","34362536","2859365","https://www.last.fm/music/Taio+Cruz","https://cdn-images.dzcdn.net/images/artist/5981810764af066d64bfeb3477c901f3/1000x1000-000000-80-0-0.jpg"
"Jack Stauber's Micropop","40026068","930909","https://www.last.fm/music/Jack+Stauber%27s+Micropop","https://cdn-images.dzcdn.net/images/artist/b14fc327380d0ea509d0884674ffcb4e/1000x1000-000000-80-0-0.jpg"
"Shaggy","21999908","2201827","https://www.last.fm/music/Shaggy","https://cdn-images.dzcdn.net/images/artist/ba29e3dd35e56a063fa6cf1cee460517/1000x1000-000000-80-0-0.jpg"
"John Summit","16500987","637823","https://www.last.fm/music/John+Summit","https://cdn-images.dzcdn.net/images/artist/200982268dcabae98644b1601a90a948/1000x1000-000000-80-0-0.jpg"
"Peter, Paul and Mary","6214141","479670","https://www.last.fm/music/Peter,+Paul+and+Mary","https://cdn-images.dzcdn.net/images/artist/bf76b3bb5a10d414b6d7b3c395c219ae/1000x1000-000000-80-0-0.jpg"
"Yot Club","33519752","1507206","https://www.last.fm/music/Yot+Club","https://cdn-images.dzcdn.net/images/artist/bca03c9cf5dcc5e49a34f49d2568c489/1000x1000-000000-80-0-0.jpg"
"STAYC","87854691","750512","https://www.last.fm/music/STAYC","https://cdn-images.dzcdn.net/images/artist/5ac325edb7e2c8a627e50c8acc0798fd/1000x1000-000000-80-0-0.jpg"
"Luísa Sonza","90116809","590228","https://www.last.fm/music/Lu%C3%ADsa+Sonza","https://cdn-images.dzcdn.net/images/artist/0c5da43a9521019d174c1a4c049db007/1000x1000-000000-80-0-0.jpg"
"Have a Nice Life","61642103","1083696","https://www.last.fm/music/Have+a+Nice+Life","https://cdn-images.dzcdn.net/images/artist/ac15da624a81711bbc173e15e73c3914/1000x1000-000000-80-0-0.jpg"
"Wham!","44171595","3309527","https://www.last.fm/music/Wham%21","https://cdn-images.dzcdn.net/images/artist/8568f258d044cbe28b2dc7e0299ba099/1000x1000-000000-80-0-0.jpg"
"Bizarrap","46327085","935657","https://www.last.fm/music/Bizarrap","https://cdn-images.dzcdn.net/images/artist/e121c1ef9b1135e6a5b71c1e65ab10b4/1000x1000-000000-80-0-0.jpg"
"Of Monsters and Men","74132699","2335947","https://www.last.fm/music/Of+Monsters+and+Men","https://cdn-images.dzcdn.net/images/artist/f801a55c43f024e37040d7a6acd9c319/1000x1000-000000-80-0-0.jpg"
"Fcukers","5445490","332166","https://www.last.fm/music/Fcukers","https://cdn-images.dzcdn.net/images/artist/f7e10aa1b385d5c34d63bd4727e665d5/1000x1000-000000-80-0-0.jpg"
"MUNA","34690601","769942","https://www.last.fm/music/MUNA","https://cdn-images.dzcdn.net/images/artist/ffe75701b5888076b6085fd9313c6ac7/1000x1000-000000-80-0-0.jpg"
"T-Pain","29795825","2331253","https://www.last.fm/music/T-Pain","https://cdn-images.dzcdn.net/images/artist/3ca1402cee3996233fd2ebc944407181/1000x1000-000000-80-0-0.jpg"
"YNW Melly","38688195","1108905","https://www.last.fm/music/YNW+Melly","https://cdn-images.dzcdn.net/images/artist/e0741db986e74b519c945259198558c4/1000x1000-000000-80-0-0.jpg"
"Tally Hall","46193296","1136801","https://www.last.fm/music/Tally+Hall","https://cdn-images.dzcdn.net/images/artist/206f97b34de40b61425e720508fdf319/1000x1000-000000-80-0-0.jpg"
"Dayglow","38060652","1419154","https://www.last.fm/music/Dayglow","https://cdn-images.dzcdn.net/images/artist/c55e5c15dca4247a037d9cbc65436d8b/1000x1000-000000-80-0-0.jpg"
"Tyler Childers","41048093","607824","https://www.last.fm/music/Tyler+Childers","https://cdn-images.dzcdn.net/images/artist/d9f479230d72413e23ffb97a3f5ac45c/1000x1000-000000-80-0-0.jpg"
"Ebony","26497663","312700","https://www.last.fm/music/Ebony","https://cdn-images.dzcdn.net/images/artist/9cfe1657469b675da7224f2089e966fc/1000x1000-000000-80-0-0.jpg"
"KMFDM","42557331","808620","https://www.last.fm/music/KMFDM","https://cdn-images.dzcdn.net/images/artist/66e9b311a1bdaa23677479bf90f12aca/1000x1000-000000-80-0-0.jpg"
"Bob Sinclar","18038110","1684866","https://www.last.fm/music/Bob+Sinclar","https://cdn-images.dzcdn.net/images/artist/6f5b029c7a977b6ccdc8f5843208f04c/1000x1000-000000-80-0-0.jpg"
"Ecco2K","81374031","661669","https://www.last.fm/music/Ecco2K","https://cdn-images.dzcdn.net/images/artist/8a3c8db70173a87862300ad59e9758f5/1000x1000-000000-80-0-0.jpg"
"Loona","112944384","1160269","https://www.last.fm/music/Loona","https://cdn-images.dzcdn.net/images/artist/b0d96b76a1c3ed8f506fe2500c49f7b9/1000x1000-000000-80-0-0.jpg"
"NAYEON","40846574","793197","https://www.last.fm/music/NAYEON","https://cdn-images.dzcdn.net/images/artist/2ba085d8f6cf6548a3cbc1b83694b06a/1000x1000-000000-80-0-0.jpg"
"P1Harmony","58913252","448540","https://www.last.fm/music/P1Harmony","https://cdn-images.dzcdn.net/images/artist/70b34fc94718688cc4fc2ad107cda2c4/1000x1000-000000-80-0-0.jpg"
"Ozuna","29011237","951548","https://www.last.fm/music/Ozuna","https://cdn-images.dzcdn.net/images/artist/df2030b9e796f55f58d2c4b68aecb18f/1000x1000-000000-80-0-0.jpg"
"Quavo","30825107","1282792","https://www.last.fm/music/Quavo","https://cdn-images.dzcdn.net/images/artist/f87b58796ff9dd521718080f434df538/1000x1000-000000-80-0-0.jpg"
"Feid","60039591","656871","https://www.last.fm/music/Feid","https://cdn-images.dzcdn.net/images/artist/a37d75aa98b04da700412398a988c31a/1000x1000-000000-80-0-0.jpg"
"Lil Durk","65259531","1090963","https://www.last.fm/music/Lil+Durk","https://cdn-images.dzcdn.net/images/artist/a444b8a46557331b3bc96e49f1aa3d8f/1000x1000-000000-80-0-0.jpg"
"Slow Pulp","25327400","895719","https://www.last.fm/music/Slow+Pulp","https://cdn-images.dzcdn.net/images/artist/332a506b6a94c15c6f9edbf2d542cc46/1000x1000-000000-80-0-0.jpg"
"Glokk40Spaz","51061121","319335","https://www.last.fm/music/Glokk40Spaz","https://cdn-images.dzcdn.net/images/artist/f86ef78faeac482eb9f1678ffd7f3816/1000x1000-000000-80-0-0.jpg"
"Clara La San","13988441","592601","https://www.last.fm/music/Clara+La+San","https://cdn-images.dzcdn.net/images/artist/70cff2910d6289f3b579defa0361b66b/1000x1000-000000-80-0-0.jpg"
"GloRilla","22247100","934021","https://www.last.fm/music/GloRilla","https://cdn-images.dzcdn.net/images/artist/6bccd80c250c642b7d5262480e8af617/1000x1000-000000-80-0-0.jpg"
"The Front Bottoms","66887435","932857","https://www.last.fm/music/The+Front+Bottoms","https://cdn-images.dzcdn.net/images/artist/d6837198be5c92a09dc4e6d72c34433d/1000x1000-000000-80-0-0.jpg"
"Bibi","42922814","879197","https://www.last.fm/music/Bibi","https://cdn-images.dzcdn.net/images/artist/daf6737d87ef2f74d64f36ce15f67aaa/1000x1000-000000-80-0-0.jpg"
"smokedope2016","39449800","310466","https://www.last.fm/music/smokedope2016","https://cdn-images.dzcdn.net/images/artist/fa936bbc4b17d9a92a034abe3c520631/1000x1000-000000-80-0-0.jpg"
"KARLEE GIRL","916136","96827","https://www.last.fm/music/KARLEE+GIRL","https://cdn-images.dzcdn.net/images/artist/a05a57b97a6b6058cbbbbd35dbf17565/1000x1000-000000-80-0-0.jpg"
"PASTEL GHOST","29243812","950537","https://www.last.fm/music/PASTEL+GHOST","https://cdn-images.dzcdn.net/images/artist/7d03a8b6cfb3925d6342ab3d0a451f00/1000x1000-000000-80-0-0.jpg"
"The Hellp","18561538","413675","https://www.last.fm/music/The+Hellp","https://cdn-images.dzcdn.net/images/artist/1b7155428e6a08a02070535b8c82721b/1000x1000-000000-80-0-0.jpg"
"Key Glock","42175320","997503","https://www.last.fm/music/Key+Glock","https://cdn-images.dzcdn.net/images/artist/acc9f3cb0e9096d654c586f2483d94d5/1000x1000-000000-80-0-0.jpg"
"Good Kid","32960389","608925","https://www.last.fm/music/Good+Kid","https://cdn-images.dzcdn.net/images/artist/df60eaadf4622e6b1fdd2c7dbd3e4c69/1000x1000-000000-80-0-0.jpg"
"Plan B","31536082","1315852","https://www.last.fm/music/Plan+B","https://cdn-images.dzcdn.net/images/artist/b6ff20889f2ec45154ccaee509cf508b/1000x1000-000000-80-0-0.jpg"
"Bakar","28892212","1355931","https://www.last.fm/music/Bakar","https://cdn-images.dzcdn.net/images/artist/42660ae7943e51c78fd27fe653a88f23/1000x1000-000000-80-0-0.jpg"
"Spandau Ballet","14920130","1455893","https://www.last.fm/music/Spandau+Ballet","https://cdn-images.dzcdn.net/images/artist/d6a31f411ea73d8d827a7179d5b6e88d/1000x1000-000000-80-0-0.jpg"
"Ice Spice","50199484","1511312","https://www.last.fm/music/Ice+Spice","https://cdn-images.dzcdn.net/images/artist/175bb716a4289c50e39c048ad35b491e/1000x1000-000000-80-0-0.jpg"
"Capital Cities","27018852","1960094","https://www.last.fm/music/Capital+Cities","https://cdn-images.dzcdn.net/images/artist/3a4640c8c717659d4e1ae541d175d171/1000x1000-000000-80-0-0.jpg"
"Lewis Capaldi","52860700","1545312","https://www.last.fm/music/Lewis+Capaldi","https://cdn-images.dzcdn.net/images/artist/94ca2a012a035d8d46297c706a0b87a3/1000x1000-000000-80-0-0.jpg"
"Bullet for My Valentine","139488461","2535347","https://www.last.fm/music/Bullet+for+My+Valentine","https://cdn-images.dzcdn.net/images/artist/24af475170a6daa8009ec09896ae07cf/1000x1000-000000-80-0-0.jpg"
"6ix9ine","33046371","1195755","https://www.last.fm/music/6ix9ine","https://cdn-images.dzcdn.net/images/artist/3f42e5e18d7a652069a9a512afa9c771/1000x1000-000000-80-0-0.jpg"
"T.I.","54041461","3417307","https://www.last.fm/music/T.I.","https://cdn-images.dzcdn.net/images/artist/77f8109f2a8f6bf0ebaf7214d9e964ab/1000x1000-000000-80-0-0.jpg"
"The Cars","27862369","1804100","https://www.last.fm/music/The+Cars","https://cdn-images.dzcdn.net/images/artist/083047d5d3fa0fe5256b47b87d1dfc7a/1000x1000-000000-80-0-0.jpg"
"Blue Öyster Cult","38413936","1964356","https://www.last.fm/music/Blue+%C3%96yster+Cult","https://cdn-images.dzcdn.net/images/artist/b3e9b6db23e8291f89e01257b5f468c3/1000x1000-000000-80-0-0.jpg"
"Amaarae","34208872","1022433","https://www.last.fm/music/Amaarae","https://cdn-images.dzcdn.net/images/artist/8e7864c1e5b12ac4af2da2abd56e27ac/1000x1000-000000-80-0-0.jpg"
"Junior H","55933930","418184","https://www.last.fm/music/Junior+H","https://cdn-images.dzcdn.net/images/artist/254f1f8b12256b9f4153bee44fefe41d/1000x1000-000000-80-0-0.jpg"
"Alok","26116754","1280796","https://www.last.fm/music/Alok","https://cdn-images.dzcdn.net/images/artist/dfa81ed66b2adca4c18005df7741f4e8/1000x1000-000000-80-0-0.jpg"
"Oliver Tree","44773364","1478325","https://www.last.fm/music/Oliver+Tree","https://cdn-images.dzcdn.net/images/artist/4acd6fc78c017cb062f163cc89167bfe/1000x1000-000000-80-0-0.jpg"
"Lil Skies","40814794","861946","https://www.last.fm/music/Lil+Skies","https://cdn-images.dzcdn.net/images/artist/e2bdf4a320e932d2bdc2c54e8c5721b8/1000x1000-000000-80-0-0.jpg"
"Gesaffelstein","28251585","1570441","https://www.last.fm/music/Gesaffelstein","https://cdn-images.dzcdn.net/images/artist/22f60c024a2c30a8f5fadfe20345166b/1000x1000-000000-80-0-0.jpg"
"Nina Simone","75004923","2988550","https://www.last.fm/music/Nina+Simone","https://cdn-images.dzcdn.net/images/artist/b165a74366ee734abd789180099e129d/1000x1000-000000-80-0-0.jpg"
"Lucy Dacus","58570879","1020306","https://www.last.fm/music/Lucy+Dacus","https://cdn-images.dzcdn.net/images/artist/4129298c0bb1ba292921925a866af13a/1000x1000-000000-80-0-0.jpg"
"Not For Radio","10932259","319778","https://www.last.fm/music/Not+For+Radio","https://cdn-images.dzcdn.net/images/artist/89af589e5a600cfddaa982d404dbc3c3/1000x1000-000000-80-0-0.jpg"
"S3RL","21927458","637214","https://www.last.fm/music/S3RL","https://cdn-images.dzcdn.net/images/artist/a696435ae742e14cf9a6896b6ea39c4e/1000x1000-000000-80-0-0.jpg"
"The Animals","29096810","2544274","https://www.last.fm/music/The+Animals","https://cdn-images.dzcdn.net/images/artist/1233cddd435ae668c5ab1aa2ac73e9e4/1000x1000-000000-80-0-0.jpg"
"late night drive home","13569535","671140","https://www.last.fm/music/late+night+drive+home","https://cdn-images.dzcdn.net/images/artist/4914452d297295cb46b5713c1e38dec1/1000x1000-000000-80-0-0.jpg"
"Bigbang","44065970","920124","https://www.last.fm/music/Bigbang","https://cdn-images.dzcdn.net/images/artist/ea97a8c7b5b863a8f3567c09a116b637/1000x1000-000000-80-0-0.jpg"
"Between Friends","25076081","882937","https://www.last.fm/music/Between+Friends","https://cdn-images.dzcdn.net/images/artist/9dd0515d023352886f91dd4408b299f8/1000x1000-000000-80-0-0.jpg"
"Bo Burnham","74334518","1165432","https://www.last.fm/music/Bo+Burnham","https://cdn-images.dzcdn.net/images/artist/ed98ac5299a7ed9619629df0535936dd/1000x1000-000000-80-0-0.jpg"
"Summrs","79840934","468303","https://www.last.fm/music/Summrs","https://cdn-images.dzcdn.net/images/artist/a7cb6367ec593983e1db911801fcc761/1000x1000-000000-80-0-0.jpg"
"The Drums","51635541","2162395","https://www.last.fm/music/The+Drums","https://cdn-images.dzcdn.net/images/artist/92164f3155909b35e3040b4baa5af963/1000x1000-000000-80-0-0.jpg"
"Fifty Fifty","36003154","1374434","https://www.last.fm/music/Fifty+Fifty","https://cdn-images.dzcdn.net/images/artist/4c4050af9547d64908706e35d289f6e3/1000x1000-000000-80-0-0.jpg"
"The Prodigy","142038773","2986243","https://www.last.fm/music/The+Prodigy","https://cdn-images.dzcdn.net/images/artist/4d884e6864623a3446040eaa8e9fb18d/1000x1000-000000-80-0-0.jpg"
"Porter Robinson","67671657","1346892","https://www.last.fm/music/Porter+Robinson","https://cdn-images.dzcdn.net/images/artist/a83618b66fa207ef0840f167e5ad59c4/1000x1000-000000-80-0-0.jpg"
"Joy Again","22137182","1290125","https://www.last.fm/music/Joy+Again","https://cdn-images.dzcdn.net/images/artist/916a5c204293d7faf369990f99df3181/1000x1000-000000-80-0-0.jpg"
"Tay-K","43284381","921880","https://www.last.fm/music/Tay-K","https://cdn-images.dzcdn.net/images/artist/ca1dd40c9114806f4f94b151f6dab716/1000x1000-000000-80-0-0.jpg"
"Ian","45268214","687267","https://www.last.fm/music/Ian","https://cdn-images.dzcdn.net/images/artist/fbb9e099963f0e0741fb8a0486cd869d/1000x1000-000000-80-0-0.jpg"
"bassvictim","14187502","307016","https://www.last.fm/music/bassvictim","https://cdn-images.dzcdn.net/images/artist/ba6dd187b8a3be973972f00e28db8167/1000x1000-000000-80-0-0.jpg"
"The Kooks","165956648","3692103","https://www.last.fm/music/The+Kooks","https://cdn-images.dzcdn.net/images/artist/5c38274301ecbc6ef3607e52e4049a83/1000x1000-000000-80-0-0.jpg"
"Spice Girls","42230301","2644780","https://www.last.fm/music/Spice+Girls","https://cdn-images.dzcdn.net/images/artist/e7cef8155cfd5652aee7f10b8c0edbab/1000x1000-000000-80-0-0.jpg"
"Tim Maia","36800924","844226","https://www.last.fm/music/Tim+Maia","https://cdn-images.dzcdn.net/images/artist/fa32f3688e3b5901b7588020b0377623/1000x1000-000000-80-0-0.jpg"
"Gojira","85947277","1029829","https://www.last.fm/music/Gojira","https://cdn-images.dzcdn.net/images/artist/e144a10ac405b4a1173aa06ea41610b9/1000x1000-000000-80-0-0.jpg"
"Bones","134420240","1077746","https://www.last.fm/music/Bones","https://cdn-images.dzcdn.net/images/artist/fef01b3db53141bc21c0b4dadede863a/1000x1000-000000-80-0-0.jpg"
"Counting Crows","60713279","3075940","https://www.last.fm/music/Counting+Crows","https://cdn-images.dzcdn.net/images/artist/5aca1298d3aaf62c566caf34bf6f647e/1000x1000-000000-80-0-0.jpg"
"Siouxsie and the Banshees","58885645","1716870","https://www.last.fm/music/Siouxsie+and+the+Banshees","https://cdn-images.dzcdn.net/images/artist/a29dd067cff228423b02ff6bc10c10c4/1000x1000-000000-80-0-0.jpg"
"Ciara","46267624","2801384","https://www.last.fm/music/Ciara","https://cdn-images.dzcdn.net/images/artist/df99697608cac4108951a3b7c6225f1f/1000x1000-000000-80-0-0.jpg"
"Lemon Demon","52551066","855667","https://www.last.fm/music/Lemon+Demon","https://cdn-images.dzcdn.net/images/artist/b8e82518eb9ffe84dc59677a65796581/1000x1000-000000-80-0-0.jpg"
"King Krule","85327645","1138146","https://www.last.fm/music/King+Krule","https://cdn-images.dzcdn.net/images/artist/af1116032ceead42e929c4a4a9fb6563/1000x1000-000000-80-0-0.jpg"
"Vampire Weekend","179362823","3437024","https://www.last.fm/music/Vampire+Weekend","https://cdn-images.dzcdn.net/images/artist/e3492e6ca995cb06a09831a00e944ecf/1000x1000-000000-80-0-0.jpg"
"Tom Petty and The Heartbreakers","31382905","1786564","https://www.last.fm/music/Tom+Petty+and+The+Heartbreakers","https://cdn-images.dzcdn.net/images/artist/76a12d46d557f75b9676c6ae2729ed3c/1000x1000-000000-80-0-0.jpg"
"Lil Tjay","64346702","957152","https://www.last.fm/music/Lil+Tjay","https://cdn-images.dzcdn.net/images/artist/2690e04c06a90b848e394278ae37c020/1000x1000-000000-80-0-0.jpg"
"Bonnie Tyler","21715140","2089466","https://www.last.fm/music/Bonnie+Tyler","https://cdn-images.dzcdn.net/images/artist/082b948211e4510abd8babf3c9a5ec41/1000x1000-000000-80-0-0.jpg"
"Vundabar","27000422","1322098","https://www.last.fm/music/Vundabar","https://cdn-images.dzcdn.net/images/artist/56e6ad9bfffa497023c1cc3c8f1686c6/1000x1000-000000-80-0-0.jpg"
"Iggy Azalea","58547477","1922297","https://www.last.fm/music/Iggy+Azalea","https://cdn-images.dzcdn.net/images/artist/dc5a670021e63d1ab385075cf757e2dc/1000x1000-000000-80-0-0.jpg"
"The Stone Roses","55598205","1920364","https://www.last.fm/music/The+Stone+Roses","https://cdn-images.dzcdn.net/images/artist/f6023a3fa00893b8567f6e840e6b1a4e/1000x1000-000000-80-0-0.jpg"
"The Alchemist","48228111","1365705","https://www.last.fm/music/The+Alchemist","https://cdn-images.dzcdn.net/images/artist/fcc6910fc261f56cd589de831da17eb9/1000x1000-000000-80-0-0.jpg"
"Dr. Dog","37625467","1823122","https://www.last.fm/music/Dr.+Dog","https://cdn-images.dzcdn.net/images/artist/9a0deec1f6ecb850dde8023d8e6915a4/1000x1000-000000-80-0-0.jpg"
"James Blake","92326984","1969603","https://www.last.fm/music/James+Blake","https://cdn-images.dzcdn.net/images/artist/a873f2495d9030268c534a6c689e96a0/1000x1000-000000-80-0-0.jpg"
"Sexyy Red","22851071","1009285","https://www.last.fm/music/Sexyy+Red","https://cdn-images.dzcdn.net/images/artist/5b4a7d84536a2f0edde7eca15469057d/1000x1000-000000-80-0-0.jpg"
"Aminé","63556874","1492261","https://www.last.fm/music/Amin%C3%A9","https://cdn-images.dzcdn.net/images/artist/0f30bbd33a680030054af004d698d6ac/1000x1000-000000-80-0-0.jpg"
"The Who","119091757","3912111","https://www.last.fm/music/The+Who","https://cdn-images.dzcdn.net/images/artist/70cab291e726920ad9fcf7573cb9736d/1000x1000-000000-80-0-0.jpg"
"Wilco","103255126","1978150","https://www.last.fm/music/Wilco","https://cdn-images.dzcdn.net/images/artist/9a9aad839fbbf125ed24b43b81271df9/1000x1000-000000-80-0-0.jpg"
"Nothing But Thieves","64875913","1047369","https://www.last.fm/music/Nothing+But+Thieves","https://cdn-images.dzcdn.net/images/artist/0c2903ae7c3566b8229bf73584b2a141/1000x1000-000000-80-0-0.jpg"
"Young Stoner Life","21010838","655327","https://www.last.fm/music/Young+Stoner+Life","https://cdn-images.dzcdn.net/images/artist/8393278bc082a067f3cd01fe11bfab0f/1000x1000-000000-80-0-0.jpg"
"Sir Mix-A-Lot","17454182","1154943","https://www.last.fm/music/Sir+Mix-A-Lot","https://cdn-images.dzcdn.net/images/artist/bc4b7c0554a75330a29c2d2b20f6e047/1000x1000-000000-80-0-0.jpg"
"Portugal. The Man","62520749","2044242","https://www.last.fm/music/Portugal.+The+Man","https://cdn-images.dzcdn.net/images/artist/10ed57a34ba564bb9203872b825b6efe/1000x1000-000000-80-0-0.jpg"
"Miracle Musical","26642208","759243","https://www.last.fm/music/Miracle+Musical","https://cdn-images.dzcdn.net/images/artist/e8f08e9dff1c5eab5e6125908052c939/1000x1000-000000-80-0-0.jpg"
"The Outfield","12502963","1294360","https://www.last.fm/music/The+Outfield","https://cdn-images.dzcdn.net/images/artist/d1398632a944206a7bbb8acb3a854d36/1000x1000-000000-80-0-0.jpg"
"The Chemical Brothers","85036411","2882516","https://www.last.fm/music/The+Chemical+Brothers","https://cdn-images.dzcdn.net/images/artist/5294e68e9ef4f0359237935a4b8388f2/1000x1000-000000-80-0-0.jpg"
"RÜFÜS DU SOL","28349755","800750","https://www.last.fm/music/R%C3%9CF%C3%9CS+DU+SOL","https://cdn-images.dzcdn.net/images/artist/e9890b80076d03cce617888ec3ab2996/1000x1000-000000-80-0-0.jpg"
"The Magnetic Fields","65699978","1343693","https://www.last.fm/music/The+Magnetic+Fields","https://cdn-images.dzcdn.net/images/artist/bf9d7ad55924f37d1312527e653b65b6/1000x1000-000000-80-0-0.jpg"
"Jorja Smith","43928055","1352987","https://www.last.fm/music/Jorja+Smith","https://cdn-images.dzcdn.net/images/artist/d17df5f785dd2291af1ccbccb9480572/1000x1000-000000-80-0-0.jpg"
"Simple Plan","80766443","2817911","https://www.last.fm/music/Simple+Plan","https://cdn-images.dzcdn.net/images/artist/1e412c04fde69f9a22bd3874adf5f60d/1000x1000-000000-80-0-0.jpg"
"Mustard","23098337","1181135","https://www.last.fm/music/Mustard","https://cdn-images.dzcdn.net/images/artist/51368a3f926f102432824d4c1addb7ae/1000x1000-000000-80-0-0.jpg"
"King Gnu","20207802","541620","https://www.last.fm/music/King+Gnu","https://cdn-images.dzcdn.net/images/artist/eab5445c9e15a77ed8a92fac13546d86/1000x1000-000000-80-0-0.jpg"
"Black Box Recorder","15094417","784086","https://www.last.fm/music/Black+Box+Recorder","https://cdn-images.dzcdn.net/images/artist/04528a46dce1cbd1dee0199f75553366/1000x1000-000000-80-0-0.jpg"
"Kool & the Gang","22143102","2086870","https://www.last.fm/music/Kool+&+the+Gang","https://cdn-images.dzcdn.net/images/artist/7e54d1367eead3e16f435e6d088c9269/1000x1000-000000-80-0-0.jpg"
"Duquesa","22265026","280155","https://www.last.fm/music/Duquesa","https://cdn-images.dzcdn.net/images/artist/25f498ab2ea2c5739d22fcb657016810/1000x1000-000000-80-0-0.jpg"
"Glee Cast","230941651","1897450","https://www.last.fm/music/Glee+Cast","https://cdn-images.dzcdn.net/images/artist/ad1ab5e83e6ff20ad5bb450716ef7fc5/1000x1000-000000-80-0-0.jpg"
"Rio Romeo","20864189","810077","https://www.last.fm/music/Rio+Romeo","https://cdn-images.dzcdn.net/images/artist/93c8fefb155e85a62c7e7357903bd452/1000x1000-000000-80-0-0.jpg"
"Remi Wolf","35003013","967837","https://www.last.fm/music/Remi+Wolf","https://cdn-images.dzcdn.net/images/artist/792a707ae07ad4ce238285400a0530a1/1000x1000-000000-80-0-0.jpg"
"Walk the Moon","31343681","1913055","https://www.last.fm/music/Walk+the+Moon","https://cdn-images.dzcdn.net/images/artist/1abcb392fffc4efe16df65801ccd5212/1000x1000-000000-80-0-0.jpg"
"Boston","31080677","2241177","https://www.last.fm/music/Boston","https://cdn-images.dzcdn.net/images/artist/723f63a9e3c170fb664e59909281af31/1000x1000-000000-80-0-0.jpg"
"Saja Boys","19481845","828360","https://www.last.fm/music/Saja+Boys","https://cdn-images.dzcdn.net/images/artist/4dc183a4b179d1ec6d65a561d27901a4/1000x1000-000000-80-0-0.jpg"
"Dean","33837439","698759","https://www.last.fm/music/Dean","https://cdn-images.dzcdn.net/images/artist/fed7c3b756cf6049da62988cb8e744be/1000x1000-000000-80-0-0.jpg"
"The Five Stairsteps","6254155","825521","https://www.last.fm/music/The+Five+Stairsteps","https://cdn-images.dzcdn.net/images/artist/772cdb683473c96f90163ad209ee657c/1000x1000-000000-80-0-0.jpg"
"Jim Croce","27551169","1578424","https://www.last.fm/music/Jim+Croce","https://cdn-images.dzcdn.net/images/artist/9cc7dd49297405d5ef0e977dbfe8d9c2/1000x1000-000000-80-0-0.jpg"
"Alice Phoebe Lou","26337179","990298","https://www.last.fm/music/Alice+Phoebe+Lou","https://cdn-images.dzcdn.net/images/artist/16980d6f8805b4dd802af811118f5c7a/1000x1000-000000-80-0-0.jpg"
"Snow Patrol","135645951","4151472","https://www.last.fm/music/Snow+Patrol","https://cdn-images.dzcdn.net/images/artist/8856639fe173383221d8219042156a3c/1000x1000-000000-80-0-0.jpg"
"Leith Ross","28877658","823069","https://www.last.fm/music/Leith+Ross","https://cdn-images.dzcdn.net/images/artist/b333c61f4289a72af5bed3be330da861/1000x1000-000000-80-0-0.jpg"
"*NSYNC","31426381","2065797","https://www.last.fm/music/%2ANSYNC","https://cdn-images.dzcdn.net/images/artist/4ad352243d4fb2b06f24e8f292c6b1e5/1000x1000-000000-80-0-0.jpg"
"Audrey Hobert","14709345","272356","https://www.last.fm/music/Audrey+Hobert","https://cdn-images.dzcdn.net/images/artist/40808f95bcffa7ea7b954583be0a45c5/1000x1000-000000-80-0-0.jpg"
"The Ronettes","22076467","2424034","https://www.last.fm/music/The+Ronettes","https://cdn-images.dzcdn.net/images/artist/0a04d7eae3ac8ddd1d880aa36f476992/1000x1000-000000-80-0-0.jpg"
"Plain White T's","41813712","2573040","https://www.last.fm/music/Plain+White+T%27s","https://cdn-images.dzcdn.net/images/artist/6bda44dea31979321c90e6a32ccde8f8/1000x1000-000000-80-0-0.jpg"
"Lizzo","56456644","1759744","https://www.last.fm/music/Lizzo","https://cdn-images.dzcdn.net/images/artist/fc39273a1d7b5818d8bc53d1134cd1d8/1000x1000-000000-80-0-0.jpg"
"Gregory Alan Isakov","40488842","1178079","https://www.last.fm/music/Gregory+Alan+Isakov","https://cdn-images.dzcdn.net/images/artist/b8e67b99d4ec8d894a4c1d46f86ed55c/1000x1000-000000-80-0-0.jpg"
"yeule","39490429","734567","https://www.last.fm/music/yeule","https://cdn-images.dzcdn.net/images/artist/1bb1a85b29060eeb4a0e6c9994d5e0a0/1000x1000-000000-80-0-0.jpg"
"Mon Laferte","26121032","488325","https://www.last.fm/music/Mon+Laferte","https://cdn-images.dzcdn.net/images/artist/2e9ec51e69cca1c53b74db5f0727cc8b/1000x1000-000000-80-0-0.jpg"
"Leonard Cohen","86859263","2134208","https://www.last.fm/music/Leonard+Cohen","https://cdn-images.dzcdn.net/images/artist/ec4be2cfa69b7ecf8d7c0cf799c0fbeb/1000x1000-000000-80-0-0.jpg"
"SWV","15197553","1085588","https://www.last.fm/music/SWV","https://cdn-images.dzcdn.net/images/artist/c1d8b0547404d8db966e47d4c7819f33/1000x1000-000000-80-0-0.jpg"
"The Doobie Brothers","24115349","1693896","https://www.last.fm/music/The+Doobie+Brothers","https://cdn-images.dzcdn.net/images/artist/6ef23b97fd318724c5d280447bcf42d8/1000x1000-000000-80-0-0.jpg"
"LSD and the Search for God","17270592","708868","https://www.last.fm/music/LSD+and+the+Search+for+God","https://cdn-images.dzcdn.net/images/artist/1335f5c1b599e57625b5537c28ca2e97/1000x1000-000000-80-0-0.jpg"
"Wisin & Yandel","21049503","888645","https://www.last.fm/music/Wisin+&+Yandel","https://cdn-images.dzcdn.net/images/artist/c66afc8b2577dc7356e43422e5138ad0/1000x1000-000000-80-0-0.jpg"
"Saint Motel","27993697","1265052","https://www.last.fm/music/Saint+Motel","https://cdn-images.dzcdn.net/images/artist/e1e240da2fccc296f73efefa5f9f8b6e/1000x1000-000000-80-0-0.jpg"
"Isabel LaRosa","32180186","1120430","https://www.last.fm/music/Isabel+LaRosa","https://cdn-images.dzcdn.net/images/artist/1b36e61a9a3bf5eeacb5e5699b969da5/1000x1000-000000-80-0-0.jpg"
"The Temper Trap","42785790","2061713","https://www.last.fm/music/The+Temper+Trap","https://cdn-images.dzcdn.net/images/artist/435177f00a0536b08db379d1467c7108/1000x1000-000000-80-0-0.jpg"
"Psy","35548202","1704369","https://www.last.fm/music/Psy","https://cdn-images.dzcdn.net/images/artist/fff83cade2015634a283e3c955871162/1000x1000-000000-80-0-0.jpg"
"Devon Hendryx","33018918","377716","https://www.last.fm/music/Devon+Hendryx","https://cdn-images.dzcdn.net/images/artist/27d8859054f3b090054ff8391a0ff6e0/1000x1000-000000-80-0-0.jpg"
"Drowning Pool","37633282","2155604","https://www.last.fm/music/Drowning+Pool","https://cdn-images.dzcdn.net/images/artist/15460f9743f16e42b1e9a1209a83e978/1000x1000-000000-80-0-0.jpg"
"Avenoir","17269334","533147","https://www.last.fm/music/Avenoir","https://cdn-images.dzcdn.net/images/artist/e5de455c7deeb445a0bab2a081737f49/1000x1000-000000-80-0-0.jpg"
"Fleet Foxes","120364579","2546953","https://www.last.fm/music/Fleet+Foxes","https://cdn-images.dzcdn.net/images/artist/1b4c457f1b2e33767dc0236c2226034e/1000x1000-000000-80-0-0.jpg"
"Slayer","138975380","2363230","https://www.last.fm/music/Slayer","https://cdn-images.dzcdn.net/images/artist/1417e7db6c37490103a23197228c2c4f/1000x1000-000000-80-0-0.jpg"
"Creepy Nuts","21617462","618956","https://www.last.fm/music/Creepy+Nuts","https://cdn-images.dzcdn.net/images/artist/b7f4334dd626befb590e9349bca72c99/1000x1000-000000-80-0-0.jpg"
"Mareux","24710346","1153723","https://www.last.fm/music/Mareux","https://cdn-images.dzcdn.net/images/artist/accfa32b02daeb3770ad18da91e6e649/1000x1000-000000-80-0-0.jpg"
"GoldLink","29596821","1255397","https://www.last.fm/music/GoldLink","https://cdn-images.dzcdn.net/images/artist/2644c53eb9a9e750c54e92cc9a4e3420/1000x1000-000000-80-0-0.jpg"
"Chance the Rapper","61076085","1406419","https://www.last.fm/music/Chance+the+Rapper","https://cdn-images.dzcdn.net/images/artist/9fd66f828f13b67130b01681b4758654/1000x1000-000000-80-0-0.jpg"
"Quality Control","18214354","870546","https://www.last.fm/music/Quality+Control","https://cdn-images.dzcdn.net/images/artist/1ac4f7b27ba226e31f543c8f4a07c75a/1000x1000-000000-80-0-0.jpg"
"Aaron May","32874276","1065064","https://www.last.fm/music/Aaron+May","https://cdn-images.dzcdn.net/images/artist/3abbe96099b3f60c79c2a68787c875a7/1000x1000-000000-80-0-0.jpg"
"Ace of Base","25518996","1867450","https://www.last.fm/music/Ace+of+Base","https://cdn-images.dzcdn.net/images/artist/038b073fec58dc1783f64f96ba2ef14d/1000x1000-000000-80-0-0.jpg"
"Kikuo","28681491","640909","https://www.last.fm/music/Kikuo","https://cdn-images.dzcdn.net/images/artist/74ebd27f06850d365e04d5512e4405a0/1000x1000-000000-80-0-0.jpg"
"Gerry Rafferty","12721816","1244966","https://www.last.fm/music/Gerry+Rafferty","https://cdn-images.dzcdn.net/images/artist/b47783c03a48e5a2c3dfd5dc993ac5dc/1000x1000-000000-80-0-0.jpg"
"Brandy","30221885","1769628","https://www.last.fm/music/Brandy","https://cdn-images.dzcdn.net/images/artist/66afbad2785409c393da4faf9af297e8/1000x1000-000000-80-0-0.jpg"
"Julie","32016735","755456","https://www.last.fm/music/Julie","https://cdn-images.dzcdn.net/images/artist/41c59a0f77aa12d21ec6f7c39e1c4691/1000x1000-000000-80-0-0.jpg"
"BOYNEXTDOOR","47717381","360736","https://www.last.fm/music/BOYNEXTDOOR","https://cdn-images.dzcdn.net/images/artist/02186b0a90c6ce997e562d2a3e21377e/1000x1000-000000-80-0-0.jpg"
"Jorge Rivera-Herrans","75091960","338971","https://www.last.fm/music/Jorge+Rivera-Herrans","https://cdn-images.dzcdn.net/images/artist/21c8fbabe0043577825f346e7d93ef3b/1000x1000-000000-80-0-0.jpg"
"The Radio Dept.","40570380","1190369","https://www.last.fm/music/The+Radio+Dept.","https://cdn-images.dzcdn.net/images/artist/f5ea21f7c9d661b2e104a17eec605bab/1000x1000-000000-80-0-0.jpg"
"Don McLean","18455241","1675701","https://www.last.fm/music/Don+McLean","https://cdn-images.dzcdn.net/images/artist/ea4ca273ee3a5fdcda212615a78445d5/1000x1000-000000-80-0-0.jpg"
"Korea Girl","5347810","367171","https://www.last.fm/music/Korea+Girl","https://cdn-images.dzcdn.net/images/artist/5fc947cc151d3712fded1947b267b371/1000x1000-000000-80-0-0.jpg"
"The Japanese House","37001528","1118841","https://www.last.fm/music/The+Japanese+House","https://cdn-images.dzcdn.net/images/artist/7a155e0ade573b6e78ade118d4c0a562/1000x1000-000000-80-0-0.jpg"
"Skank","24058600","694562","https://www.last.fm/music/Skank","https://cdn-images.dzcdn.net/images/artist/dce7d8ecbe672e840a5f5fd61d95d4af/1000x1000-000000-80-0-0.jpg"
"6LACK","39142536","1021256","https://www.last.fm/music/6LACK","https://cdn-images.dzcdn.net/images/artist/99efcda22e449394f3362defa4aeb4bb/1000x1000-000000-80-0-0.jpg"
"Dolly Parton","37134892","2295097","https://www.last.fm/music/Dolly+Parton","https://cdn-images.dzcdn.net/images/artist/e0e4946c2e4149aa1421ec181e1e1fc6/1000x1000-000000-80-0-0.jpg"
"Boney M.","24853886","2006069","https://www.last.fm/music/Boney+M.","https://cdn-images.dzcdn.net/images/artist/8f99753cb83e8cb5142295ea08ed70be/1000x1000-000000-80-0-0.jpg"
"Al Green","38676657","2297195","https://www.last.fm/music/Al+Green","https://cdn-images.dzcdn.net/images/artist/87275264cd9f1ba45e8f1116deac4f60/1000x1000-000000-80-0-0.jpg"
"Yes","48992532","2007813","https://www.last.fm/music/Yes","https://cdn-images.dzcdn.net/images/artist/000bf505abef3d1d34a19502f2609bda/1000x1000-000000-80-0-0.jpg"
"Soda Stereo","51426442","741914","https://www.last.fm/music/Soda+Stereo","https://cdn-images.dzcdn.net/images/artist/7c8fb9b4135ea113a18d7380686bc764/1000x1000-000000-80-0-0.jpg"
"ThxSoMch","24017741","916436","https://www.last.fm/music/ThxSoMch","https://cdn-images.dzcdn.net/images/artist/0f163295c0e6c5c3f5fbd5ec92b14095/1000x1000-000000-80-0-0.jpg"
"Khruangbin","46833146","1070360","https://www.last.fm/music/Khruangbin","https://cdn-images.dzcdn.net/images/artist/1f18e4d815853265fe33c2965285c17a/1000x1000-000000-80-0-0.jpg"
"Paris Paloma","19211026","749290","https://www.last.fm/music/Paris+Paloma","https://cdn-images.dzcdn.net/images/artist/0a4d55e11f689bb149c6309953019652/1000x1000-000000-80-0-0.jpg"
"Eurythmics","33278115","2880674","https://www.last.fm/music/Eurythmics","https://cdn-images.dzcdn.net/images/artist/e4bd61b8d3a68bba320c9aed660c42a5/1000x1000-000000-80-0-0.jpg"
